Source Node,Target Node,Edge Rate,Timestamp
0,148,0,50
0,153,0,50
0,173,0,50
0,207,0,50
0,256,0.185864,50
0,278,0.198613,50
0,290,0,50
0,39,0,50
0,40,0,50
0,451,0,50
0,452,0,50
0,60,0,50
0,72,0,50
0,78,0,50
1,108,0,50
1,111,0,50
1,223,0,50
1,230,0,50
1,32,0,50
1,335,0,50
1,383,0,50
1,388,0,50
1,483,0,50
1,8,0.169282,50
1,87,0.145741,50
10,191,0,50
10,22,0.137704,50
10,281,0,50
10,320,0.604698,50
10,347,0,50
10,392,0.436796,50
10,452,0,50
10,72,0,50
10,75,0,50
100,353,0.063917,50
100,356,0.068463,50
100,448,0.054013,50
100,84,0.116451,50
101,103,0,50
101,109,0,50
101,117,0.132985,50
101,173,0,50
101,229,0,50
101,289,0,50
101,292,0,50
101,58,0,50
102,0,0,50
102,201,0,50
102,237,0.450931,50
102,305,0,50
102,33,0,50
102,368,0.055167,50
102,380,0.376364,50
102,388,0,50
102,39,0,50
102,406,0,50
103,195,0.090393,50
103,256,0,50
103,292,0.104133,50
103,316,0,50
103,359,0,50
103,370,0,50
103,41,0,50
103,81,0,50
104,105,0.167793,50
104,121,0.05892,50
104,185,0.0667,50
104,248,0,50
104,371,0,50
104,377,0,50
105,121,0.057982,50
105,216,0.051261,50
105,281,0.256148,50
105,320,0,50
106,170,0.052275,50
106,236,0,50
106,313,0,50
106,377,0.132512,50
106,480,0,50
106,71,0,50
107,195,0,50
107,235,0,50
107,26,0,50
107,303,0,50
107,305,0,50
107,316,0,50
107,359,0,50
107,415,0,50
107,481,0.778941,50
108,105,0.050354,50
108,167,0,50
108,22,0,50
108,252,1.54672,50
108,254,0,50
108,285,0,50
108,305,0,50
108,353,0,50
108,354,0,50
108,358,0,50
108,437,0,50
108,473,0,50
109,105,0.079697,50
109,108,0,50
109,136,0,50
109,138,0,50
109,195,0,50
109,281,0.135266,50
109,320,0,50
109,344,0,50
109,353,0.113772,50
109,484,0,50
109,489,0.064116,50
109,74,0,50
109,89,0,50
11,123,0,50
11,264,0,50
11,287,0,50
11,399,0,50
11,489,0,50
11,508,0,50
110,123,0,50
110,143,0.050114,50
110,144,0,50
110,186,0,50
110,233,0,50
110,263,0,50
110,303,0,50
110,343,0,50
110,359,0,50
110,366,0,50
110,455,0,50
110,82,0,50
110,84,0,50
111,108,0,50
111,203,0.13142,50
111,292,0,50
111,438,0.065238,50
111,497,0,50
112,111,0,50
112,121,0.091512,50
112,138,0,50
112,145,0,50
112,169,0,50
112,191,0.149477,50
112,22,0,50
112,236,0,50
112,26,0,50
112,287,0.067066,50
112,292,0,50
112,362,0,50
112,377,0,50
112,434,0,50
112,445,0,50
112,477,0,50
114,121,0.053895,50
114,153,0,50
114,216,0,50
114,26,0.095529,50
114,260,0.090383,50
114,314,0.077386,50
114,33,0.135793,50
114,354,0.362667,50
114,388,0,50
114,491,0,50
114,71,0,50
115,0,0,50
115,102,1.90151,50
115,170,0,50
115,244,0,50
115,265,0,50
115,33,0,50
115,380,0,50
115,39,0,50
115,40,0,50
115,43,0,50
116,122,0,50
116,144,0,50
116,153,0,50
116,184,0,50
116,185,0,50
116,201,0,50
116,243,0,50
116,265,0,50
116,289,0,50
116,291,0,50
116,321,0.163091,50
116,33,0,50
116,374,0,50
116,379,0,50
116,415,0,50
116,423,0,50
116,435,0,50
116,64,0,50
116,78,0,50
116,95,0,50
117,10,0,50
117,105,0.079631,50
117,109,0.080005,50
117,153,0,50
117,17,0,50
117,195,0,50
117,229,0,50
117,260,0,50
117,281,0.251428,50
117,320,0,50
117,33,0.082853,50
117,85,0.100108,50
117,89,0.081685,50
118,119,0.085039,50
118,125,0,50
118,180,0,50
118,265,0.064807,50
118,353,0,50
118,382,0.140196,50
118,384,0,50
118,40,0,50
119,111,0.056404,50
119,155,0,50
119,180,0,50
119,229,0,50
119,250,0,50
119,305,0,50
119,383,0,50
119,390,0.06729,50
119,415,0,50
119,450,0,50
119,465,0,50
119,471,0,50
119,80,0.092212,50
12,65,0,50
120,255,0,50
120,320,0,50
120,363,0.10686,50
120,406,0,50
120,421,0,50
120,484,0,50
120,82,0,50
121,123,0,50
121,138,0,50
121,17,0.061559,50
121,236,0.079876,50
121,290,0,50
121,377,0.254408,50
121,445,0,50
121,480,0,50
121,508,0,50
122,121,0.052568,50
122,147,0,50
122,173,0,50
122,185,0,50
122,250,0,50
122,374,0,50
122,415,0,50
122,434,0,50
122,64,0,50
122,71,0,50
122,72,0,50
122,84,0,50
123,108,0,50
123,111,0.053318,50
123,115,0,50
123,169,0,50
123,182,0,50
123,233,0.091394,50
123,359,0,50
123,495,0,50
123,67,0.057792,50
123,84,0,50
124,125,0,50
124,166,0,50
124,215,0,50
124,252,0,50
124,316,0.072726,50
124,359,0,50
124,489,0.110929,50
124,58,0,50
124,74,0,50
125,0,0,50
125,153,0,50
125,208,0.185582,50
125,256,0,50
125,265,0,50
125,297,0.168608,50
125,384,0.374553,50
125,40,0,50
125,413,0.144695,50
125,467,0,50
125,489,0.068825,50
125,74,0,50
126,237,0,50
126,280,0,50
126,294,0.168125,50
126,300,0,50
126,309,0.837297,50
126,363,0,50
126,438,0,50
126,454,0,50
126,484,0,50
126,486,0,50
126,72,0.395371,50
127,156,0,50
127,210,0.050647,50
127,280,0,50
127,287,0,50
127,335,0,50
127,354,0,50
127,363,0,50
127,471,0,50
128,108,0,50
128,348,0.074719,50
128,390,0,50
128,461,0.09641,50
129,110,0,50
129,121,0,50
129,15,0,50
129,17,0,50
129,180,0.147261,50
129,186,0.342331,50
129,198,0.053114,50
129,203,0,50
129,24,0,50
129,30,1.66229,50
129,306,0.08695,50
129,330,0,50
129,353,0,50
129,391,0,50
129,450,0,50
129,461,0,50
129,82,0,50
129,98,1.4804,50
13,138,0,50
13,155,0,50
13,170,0,50
13,200,0,50
13,224,0,50
13,321,0,50
13,349,0,50
13,377,0,50
13,497,0,50
130,185,0,50
130,342,0,50
130,36,0,50
130,360,0,50
130,78,0,50
131,107,0,50
131,171,0.128976,50
131,321,0,50
131,418,0,50
131,419,0,50
131,435,0,50
131,454,0,50
132,105,0,50
132,208,0.118903,50
132,302,0,50
132,327,0,50
132,413,0,50
132,509,0,50
133,109,0,50
133,344,0,50
133,353,0,50
133,358,0,50
133,77,0.346517,50
134,120,0,50
134,131,0,50
134,154,0,50
134,196,0,50
134,214,0,50
134,237,0,50
134,250,0,50
134,285,0,50
134,306,0.074203,50
134,321,0,50
134,326,0,50
134,419,0,50
134,435,0,50
134,454,0,50
134,58,0,50
134,84,0,50
135,116,0.067746,50
135,207,0,50
135,241,0,50
135,244,0,50
135,467,0,50
136,109,0,50
136,138,0.070475,50
136,170,0,50
136,335,0,50
136,434,0,50
136,489,0.075281,50
136,5,0,50
136,74,0,50
137,216,0,50
137,218,0,50
137,281,0,50
137,36,0,50
137,472,1.99652,50
138,170,0.080162,50
138,182,0,50
138,214,0,50
138,287,0,50
138,335,0,50
138,434,0,50
138,5,0,50
139,162,0,50
139,342,0,50
139,369,1.97407,50
139,415,0.05885,50
14,155,0,50
14,201,0,50
14,223,0,50
14,248,0,50
14,363,0,50
14,372,0,50
14,383,0,50
14,386,0,50
14,415,0.085442,50
140,105,0,50
140,117,0,50
140,15,0.081409,50
140,157,0,50
140,181,0,50
140,221,0,50
140,236,0,50
140,252,0,50
140,280,0,50
140,286,0,50
140,287,0,50
140,29,0,50
140,298,0,50
140,301,0,50
140,365,0,50
140,383,0,50
140,389,0,50
140,431,0,50
140,484,0,50
140,495,0,50
140,95,0,50
141,0,0,50
141,115,0,50
141,173,0.220004,50
141,230,0.135856,50
141,233,0,50
141,241,0,50
141,265,0,50
141,312,0,50
141,380,0,50
141,473,0.23105,50
142,374,0.051701,50
142,442,0,50
142,60,0,50
142,87,0,50
142,99,0,50
143,121,0.05295,50
143,17,0.05998,50
143,245,0.05418,50
143,377,0,50
143,459,0,50
143,508,0,50
143,91,0,50
144,121,0.053447,50
144,132,0,50
144,167,0,50
144,291,0,50
144,301,0,50
144,303,0,50
144,360,0,50
144,374,0,50
144,439,0,50
144,441,0,50
144,481,0,50
145,138,0,50
145,157,0.622987,50
145,180,0,50
145,187,0.082081,50
145,209,0,50
145,213,1.82455,50
145,22,0,50
145,24,0,50
145,287,0.094919,50
145,347,0.070958,50
145,360,0,50
145,473,0,50
146,10,0,50
146,108,0,50
146,145,0,50
146,149,0.073911,50
146,180,0,50
146,187,0,50
146,213,0,50
146,216,0,50
146,223,0,50
146,229,0,50
146,238,0,50
146,282,0.185605,50
146,287,0,50
146,301,0,50
146,303,0,50
146,328,0,50
146,335,0,50
146,380,0,50
146,414,0,50
146,415,0,50
146,422,0,50
146,474,0.520124,50
146,478,0,50
146,79,0,50
147,237,0,50
147,276,0,50
147,390,0,50
147,434,0,50
147,71,0,50
147,72,0,50
147,84,0,50
148,0,0,50
148,116,0,50
148,173,0,50
148,187,0,50
148,229,0,50
148,24,0.143167,50
148,256,0,50
148,278,0.327494,50
148,36,0.084275,50
148,474,0,50
148,60,0,50
148,78,0,50
149,145,0,50
149,187,0,50
149,213,0,50
149,216,0,50
149,22,0,50
149,23,0,50
149,24,0,50
149,281,0,50
149,282,0,50
149,285,0,50
149,287,0,50
149,408,0,50
149,414,0,50
149,464,0,50
149,47,0,50
149,474,0,50
149,50,0,50
15,140,0,50
15,157,0.317831,50
15,210,0,50
15,221,0,50
15,287,0,50
15,301,0,50
15,353,0,50
15,389,0.183306,50
15,421,0,50
15,95,0,50
150,194,0,50
150,214,0.118791,50
150,254,0,50
150,415,0,50
150,454,0.052772,50
150,486,0.071585,50
151,134,0.14742,50
151,196,0,50
151,214,0,50
151,237,0,50
151,306,0.144889,50
151,321,0,50
151,326,0.057354,50
151,390,0,50
151,419,0,50
151,435,0,50
151,454,0,50
151,58,0,50
151,71,0,50
151,84,0,50
153,0,0,50
153,107,0,50
153,116,0,50
153,121,0.05477,50
153,122,0,50
153,148,0,50
153,265,0,50
153,384,0,50
153,481,0,50
153,491,0.067388,50
153,78,0,50
153,97,0,50
154,131,0,50
154,214,0.110387,50
154,348,0,50
155,111,0,50
155,170,1.66367,50
155,173,0.119524,50
155,223,0,50
155,250,0,50
155,305,0,50
155,380,0,50
155,383,0,50
155,40,0,50
155,408,0,50
155,415,0.099679,50
155,416,0,50
155,473,0,50
155,478,0,50
155,479,0,50
155,62,0,50
155,72,0,50
156,127,0,50
156,136,0,50
156,210,0,50
156,280,0,50
156,335,0,50
156,354,0,50
156,471,0,50
156,5,0.18621,50
156,7,0,50
157,156,0,50
157,187,0,50
157,210,0,50
157,285,0.133135,50
157,335,0,50
157,353,0,50
157,354,0,50
157,473,0,50
157,5,0,50
158,185,0,50
158,187,0.478426,50
158,216,0.055157,50
158,223,0,50
158,253,0.051746,50
158,29,0,50
158,317,0,50
158,335,0,50
158,36,0,50
158,360,0,50
158,386,0,50
158,443,0.074852,50
158,450,0,50
158,481,0,50
158,490,0,50
158,64,0,50
159,10,0.233975,50
159,169,0,50
159,27,0,50
159,415,0,50
159,474,0.101647,50
159,484,0,50
159,82,1.99569,50
16,284,0,50
16,390,0,50
16,420,0.116792,50
16,43,0,50
16,436,0,50
16,59,0,50
160,10,0.084463,50
160,121,0,50
160,143,0,50
160,169,0,50
160,17,0,50
160,172,0,50
160,195,0,50
160,22,0,50
160,230,0.06445,50
160,250,0,50
160,281,0.072968,50
160,290,0,50
160,301,0,50
160,305,0.050502,50
160,317,0,50
160,335,0.101519,50
160,354,0,50
160,365,0,50
160,373,0,50
160,385,0,50
160,386,0,50
160,41,0.069337,50
160,452,0,50
160,459,0,50
160,47,0,50
160,65,0,50
160,75,0,50
160,89,0.14662,50
161,102,0,50
161,138,0,50
161,145,0.06755,50
161,163,0,50
161,224,0,50
161,250,0,50
161,320,0.279456,50
161,453,0,50
161,479,0,50
161,483,0.10286,50
162,130,0,50
162,139,0.050537,50
162,168,0,50
162,185,0,50
162,342,0,50
162,360,0,50
162,415,0,50
162,481,0,50
162,7,0.126495,50
163,102,0,50
163,13,0,50
163,138,0,50
163,153,0,50
163,237,0,50
163,305,0,50
163,307,0,50
163,387,0.083452,50
163,408,0,50
163,479,0,50
163,483,0,50
163,491,0,50
164,156,0,50
164,195,0,50
164,201,0,50
164,209,0,50
164,225,0,50
164,235,0,50
164,316,0,50
164,352,0,50
164,359,0,50
164,365,0,50
164,370,0,50
164,406,0,50
164,425,0,50
164,60,0,50
164,70,0,50
164,72,0.054284,50
164,81,0,50
164,9,0,50
166,124,0,50
166,125,0,50
166,136,0,50
166,170,0.050263,50
166,181,0.086868,50
166,189,0,50
166,230,0.050014,50
166,287,0,50
166,298,0,50
166,316,0.064218,50
166,431,0.056875,50
166,454,0,50
166,47,0,50
166,484,0,50
166,489,0.110838,50
166,5,0,50
167,105,0.078014,50
167,140,0,50
167,15,0,50
167,201,0,50
167,252,0,50
167,254,0,50
167,285,0,50
167,286,0,50
167,29,0,50
167,301,0,50
167,326,0.091668,50
167,358,0,50
167,383,0.130217,50
167,389,0,50
167,414,0,50
167,421,0,50
167,484,0,50
169,108,0,50
169,117,0,50
169,171,0.179152,50
169,173,0,50
169,189,0.129228,50
169,195,0,50
169,229,0,50
169,250,0,50
169,280,0,50
169,360,0.050036,50
169,365,0,50
169,45,0.121918,50
169,486,0.056375,50
169,72,0,50
17,107,0,50
17,155,0,50
17,185,0,50
17,229,0,50
17,253,0,50
17,301,0,50
17,313,0,50
17,335,0.627916,50
17,360,0,50
17,366,0,50
17,370,0,50
17,373,0,50
17,415,0,50
17,445,0.098334,50
17,481,0,50
17,490,0,50
17,64,0,50
17,78,0,50
170,173,0,50
170,182,0,50
170,214,0,50
170,250,0,50
170,283,0,50
170,313,0,50
170,380,0,50
170,478,0,50
170,62,0,50
170,71,0,50
171,108,0,50
171,120,0,50
171,173,0,50
171,233,0,50
171,250,0,50
171,280,0,50
171,419,0,50
171,435,0,50
172,108,0,50
172,19,0,50
172,237,0,50
172,335,0,50
172,354,0.963778,50
172,380,0,50
172,45,0,50
172,47,0,50
172,84,0,50
172,87,0,50
172,99,0,50
173,0,0,50
173,10,0,50
173,108,0,50
173,230,0.067419,50
173,233,0.088329,50
173,235,0,50
173,241,0,50
173,257,0,50
173,280,0,50
173,320,0,50
173,321,0,50
173,45,0,50
173,473,0.156397,50
173,483,0,50
174,123,0,50
174,136,0,50
174,179,0,50
174,189,0.173459,50
174,216,0,50
174,22,0.092191,50
174,236,0,50
174,248,0,50
174,36,0.196608,50
174,390,0,50
174,424,0.058804,50
174,434,0,50
174,480,0,50
174,491,0,50
174,5,0,50
174,58,0,50
174,71,0,50
174,98,0.193531,50
175,153,0,50
175,173,0,50
175,235,0,50
175,257,0,50
175,280,0,50
175,286,0.085884,50
175,3,0,50
175,321,0,50
175,33,0,50
175,45,0,50
175,473,0,50
177,15,0,50
177,215,0,50
177,285,0,50
177,348,0,50
177,369,0,50
177,379,0,50
177,409,0.094125,50
177,473,0,50
177,86,0,50
178,10,0,50
178,146,0,50
178,451,0,50
178,478,0.060015,50
178,71,0,50
179,224,0,50
179,249,0.142296,50
179,290,0,50
179,295,0.218762,50
179,335,0,50
179,442,0,50
179,451,0,50
179,486,0,50
18,103,0,50
18,105,0,50
18,182,0,50
18,195,0,50
18,201,0,50
18,220,0.2375,50
18,223,0,50
18,224,0,50
18,242,0.071136,50
18,283,0,50
18,291,0,50
18,31,0.151156,50
18,316,0,50
18,330,0.16513,50
18,370,0,50
18,70,0,50
18,81,0,50
180,108,0,50
180,146,0,50
180,173,0,50
180,182,0,50
180,187,0,50
180,22,0,50
180,250,0,50
180,33,0,50
180,390,0.071594,50
180,464,0.105531,50
180,53,0,50
181,11,0,50
181,114,0,50
181,124,0.087067,50
181,125,0,50
181,136,0,50
181,189,0,50
181,215,0,50
181,287,0,50
181,298,0.112964,50
181,316,0,50
181,429,0,50
181,489,0.107573,50
181,74,0,50
181,89,0,50
182,173,0.083117,50
182,178,0,50
182,201,0,50
182,214,0,50
182,283,0,50
182,368,0.120368,50
182,380,0,50
182,383,0,50
182,415,0.066191,50
182,478,0,50
182,62,0,50
182,71,0.118498,50
183,10,0,50
183,108,0.054758,50
183,146,0,50
183,178,0.603527,50
183,213,0,50
183,229,0,50
183,282,0,50
183,287,0,50
183,303,0,50
183,335,0,50
183,422,0,50
183,478,0,50
184,153,0,50
184,17,0.099311,50
184,185,0,50
184,243,0,50
184,250,0,50
184,265,0,50
184,287,0,50
184,289,0,50
184,321,0.267936,50
184,33,0.496995,50
184,415,0,50
184,423,0,50
184,445,0,50
184,62,0,50
184,64,0,50
184,78,0,50
185,136,0,50
185,138,0,50
185,144,0.056576,50
185,169,0,50
185,189,0.074874,50
185,26,0,50
185,303,0,50
185,36,0.220669,50
185,360,0,50
185,363,0,50
185,370,0,50
185,371,0,50
185,415,0,50
185,56,0.137539,50
186,110,0.221639,50
186,121,0,50
186,126,0,50
186,143,0,50
186,144,0,50
186,217,0.110592,50
186,218,0,50
186,359,0,50
186,70,0,50
186,75,0,50
186,82,0.059523,50
186,84,0,50
187,111,0,50
187,169,0,50
187,180,0,50
187,185,0,50
187,220,0,50
187,235,0,50
187,24,0,50
187,29,0,50
187,317,0,50
187,335,0,50
187,360,0,50
187,390,0,50
187,424,1.84565,50
187,45,0,50
187,450,0,50
188,131,0,50
188,134,0,50
188,202,0,50
188,216,0,50
188,253,0,50
188,299,0,50
188,300,0.116444,50
188,32,0,50
188,339,0.050361,50
188,448,0,50
188,454,0,50
188,468,0.127434,50
189,108,0,50
189,109,0,50
189,136,0,50
189,138,0,50
189,250,0,50
189,280,0,50
189,286,0,50
189,354,0,50
189,360,0,50
189,388,0,50
189,484,0,50
189,489,0.105469,50
189,491,0,50
189,70,0,50
189,72,0,50
189,74,0,50
189,89,0,50
189,97,0,50
19,109,0,50
19,230,0.122406,50
19,265,0,50
19,312,0,50
19,335,0,50
19,405,0.117753,50
19,406,0.14859,50
19,45,0,50
19,47,0,50
19,53,0,50
19,84,0,50
19,90,0.22754,50
190,126,0.060511,50
190,186,0.126809,50
190,217,0,50
190,218,0.059364,50
190,347,0,50
190,424,0,50
190,434,0,50
190,70,0,50
190,87,0,50
191,148,0.130893,50
191,173,0,50
191,193,0,50
191,22,0.126395,50
191,224,0,50
191,259,0,50
191,320,0,50
191,34,0,50
191,349,0,50
191,35,0,50
191,434,0,50
191,483,0.061283,50
191,58,0.068326,50
191,72,0,50
191,84,0,50
192,144,0,50
192,175,0,50
192,185,0,50
192,221,0,50
192,235,1.72907,50
192,268,0,50
192,320,0,50
192,345,0.104827,50
192,347,0,50
192,406,0,50
192,454,0.06163,50
192,70,0,50
193,111,0.057717,50
193,112,0,50
193,122,0,50
193,13,0,50
193,138,0,50
193,161,0,50
193,163,0,50
193,224,0,50
193,349,0,50
193,377,0,50
193,483,0,50
194,237,0,50
194,415,0.165617,50
194,416,0.506667,50
194,451,0,50
194,486,0.061606,50
194,71,0,50
194,72,0.052812,50
195,105,0.050098,50
195,108,0,50
195,171,0,50
195,359,0,50
195,370,0,50
195,497,0,50
195,72,0,50
195,81,0,50
195,84,0,50
196,120,0,50
196,131,0,50
196,154,0.111977,50
196,214,0.092198,50
196,237,0,50
196,306,0,50
196,321,0,50
196,326,0,50
196,363,0,50
196,419,0,50
196,435,0,50
196,454,0.05702,50
196,58,0,50
197,108,0.280685,50
197,173,0,50
197,180,0,50
197,252,0,50
197,299,0,50
197,33,0.074637,50
197,353,0,50
197,393,0,50
197,41,0,50
197,461,0.186937,50
197,58,0,50
198,108,0,50
198,123,0,50
198,216,0,50
198,221,0.067209,50
198,233,0,50
198,461,0.072953,50
198,503,0.090748,50
198,72,0,50
2,143,0,50
2,17,0,50
2,231,0,50
2,289,0.118294,50
2,335,0.086294,50
2,366,0,50
2,373,0.060086,50
2,375,0,50
2,445,0,50
2,455,0,50
2,459,0,50
2,64,0,50
2,66,0.063653,50
200,129,0,50
200,182,0,50
200,223,0,50
200,283,0,50
200,291,0,50
200,30,0,50
200,31,0.084891,50
200,317,0.134139,50
200,330,0.194022,50
200,335,0,50
200,345,0.057798,50
200,450,0,50
200,451,0.053461,50
200,98,0,50
201,155,0,50
201,185,0,50
201,240,0.122715,50
201,248,0,50
201,285,0,50
201,320,0,50
201,369,0,50
201,380,0,50
201,383,0.073625,50
201,386,0,50
201,451,0,50
201,478,0,50
201,484,0,50
201,62,0,50
201,72,0.054266,50
202,216,0,50
202,32,0.070095,50
202,347,0,50
202,386,0,50
202,454,0,50
202,481,0,50
203,108,0,50
203,17,0,50
203,438,0.066958,50
203,497,0.075699,50
207,105,0,50
207,116,0.767863,50
207,121,0.051647,50
207,122,0,50
207,216,0.070242,50
207,243,0,50
207,303,0,50
207,358,0,50
207,374,0,50
207,379,0.13788,50
207,382,0,50
207,415,0,50
207,489,0,50
207,64,0,50
207,78,0,50
208,17,0,50
208,248,0.078486,50
208,265,0,50
208,301,0,50
208,33,0,50
208,40,0,50
208,449,0,50
208,459,0.179926,50
208,474,0,50
208,478,0,50
209,157,0.239954,50
209,18,0.082001,50
209,195,0,50
209,201,0,50
209,220,0,50
209,223,0,50
209,235,0,50
209,305,0,50
209,31,0,50
209,316,0,50
209,330,0.162762,50
209,359,0,50
209,370,0,50
209,388,0,50
209,70,0,50
209,81,0,50
21,140,0,50
21,145,0,50
21,146,0,50
21,149,0.217846,50
21,178,0,50
21,183,0.123038,50
21,301,0,50
21,303,0,50
21,341,0.061458,50
21,380,0,50
21,414,0,50
21,422,0,50
21,465,0,50
21,474,0,50
21,478,0,50
21,485,0.052519,50
21,495,0,50
21,85,0,50
210,127,0,50
210,151,0,50
210,243,0.129138,50
210,244,0,50
210,335,0,50
210,354,0,50
211,142,0.221802,50
211,259,0,50
211,291,0,50
211,333,0.053496,50
211,369,0,50
211,432,0.096179,50
211,434,0.069613,50
211,439,0.051546,50
211,442,0,50
211,87,0,50
211,99,0,50
213,10,0,50
213,108,0.105953,50
213,138,0,50
213,145,0,50
213,146,0,50
213,157,0.500694,50
213,167,0,50
213,173,0,50
213,178,0,50
213,180,0.258632,50
213,182,0,50
213,187,0,50
213,209,0,50
213,22,0,50
213,238,0,50
213,282,0,50
213,287,0.066522,50
213,301,0,50
213,302,0,50
213,354,0,50
213,390,0,50
213,464,0,50
213,478,0,50
213,79,0,50
214,173,0,50
214,178,0.135611,50
214,194,0.171393,50
214,254,0,50
214,348,0,50
214,380,0,50
214,415,0.082055,50
214,421,0,50
214,451,0,50
214,478,0,50
214,486,0,50
214,71,0,50
214,72,0.052801,50
215,103,0,50
215,105,0,50
215,107,0,50
215,119,0.10475,50
215,125,0,50
215,195,0,50
215,210,0.077835,50
215,243,0,50
215,287,0,50
215,29,0,50
215,390,0.070719,50
215,41,0,50
215,418,0,50
215,452,0,50
215,467,0,50
215,471,0,50
215,473,0,50
215,60,0,50
216,134,0,50
216,151,0.102548,50
216,237,0,50
216,281,0.07301,50
216,326,0,50
216,390,0,50
216,454,0,50
216,58,0,50
216,71,0,50
217,109,0,50
217,121,0,50
217,126,0,50
217,133,0,50
217,143,0,50
217,70,0,50
217,75,0,50
217,82,0,50
217,84,0,50
218,128,0,50
218,214,0.107084,50
218,216,0,50
218,237,0.213878,50
218,300,0,50
218,348,0,50
218,41,0,50
218,424,0.165824,50
218,434,0,50
218,454,0,50
218,491,0.059819,50
218,70,0.083271,50
218,82,0,50
219,10,0,50
219,132,0.117732,50
219,145,0,50
219,146,0,50
219,183,0,50
219,249,0.12459,50
219,301,0,50
219,303,0,50
219,345,0,50
219,363,0,50
219,414,0,50
219,422,0,50
219,471,0.09678,50
219,79,0,50
22,122,0,50
22,147,0.233711,50
22,173,0,50
22,237,0,50
22,250,0.072852,50
22,276,0,50
22,305,0,50
22,339,0,50
22,390,0,50
22,425,0,50
22,58,0,50
22,71,0,50
22,72,0,50
220,105,0,50
220,182,0,50
220,200,0,50
220,223,0.064242,50
220,224,0.070606,50
220,242,0,50
220,283,0,50
220,291,0,50
220,31,0,50
220,330,0.167026,50
220,451,0,50
221,111,0.400058,50
221,157,0,50
221,210,0,50
221,260,0,50
221,335,0,50
221,353,0,50
221,354,0,50
221,478,0,50
223,105,0.052916,50
223,155,0,50
223,185,0,50
223,201,0,50
223,285,0,50
223,353,0,50
223,358,0,50
223,369,0.101003,50
223,372,0,50
223,383,0.084268,50
223,451,0,50
223,478,0,50
223,62,0,50
224,105,0,50
224,200,0.132597,50
224,283,0,50
224,291,0,50
224,30,0,50
224,31,0,50
224,317,0.098936,50
224,330,0.194891,50
224,335,0,50
224,451,0,50
224,480,0.072686,50
224,98,0,50
225,10,0,50
225,175,0.136973,50
225,320,0,50
225,345,0,50
225,359,0,50
225,365,0.056902,50
225,70,0,50
225,81,0,50
225,85,0,50
226,216,0,50
226,26,0,50
226,260,0,50
226,299,0,50
226,33,0,50
226,455,0.138074,50
226,487,0.120721,50
226,97,0,50
227,133,0,50
227,157,0,50
227,25,0.117237,50
227,284,0,50
227,287,0,50
227,354,0,50
227,359,0,50
227,389,0,50
227,390,0,50
227,437,0.072351,50
227,462,0,50
227,473,0,50
227,479,0.070767,50
227,5,0,50
229,121,0,50
229,153,0,50
229,173,0,50
229,175,0.237504,50
229,235,0,50
229,257,0,50
229,280,0,50
229,286,0,50
229,299,0.633046,50
229,357,0.73109,50
23,177,0,50
23,201,0,50
23,215,0,50
23,216,0,50
23,275,0,50
23,282,0,50
23,287,0,50
23,291,0,50
23,369,0.054879,50
23,392,0,50
23,409,0,50
23,474,0,50
23,50,0.136502,50
23,86,0.137541,50
230,172,0,50
230,237,0,50
230,312,0,50
230,335,0,50
230,353,0,50
230,354,0.963549,50
230,380,0,50
230,47,0,50
230,84,0,50
230,99,0,50
231,127,0,50
231,136,0,50
231,170,0.101378,50
231,208,0,50
231,221,0,50
231,285,0,50
231,389,0,50
231,390,0,50
231,415,0,50
231,473,0,50
232,105,0.055351,50
232,111,0.063429,50
232,17,0,50
232,248,0,50
232,258,0.101864,50
232,292,0.066508,50
232,294,0,50
232,357,0.099253,50
232,488,0,50
233,0,0.058629,50
233,19,0,50
233,230,0.112346,50
233,241,0.2169,50
233,250,0,50
233,265,0,50
233,280,0,50
233,312,0,50
233,32,0,50
233,320,0,50
233,321,0.142675,50
233,354,0,50
233,406,0,50
233,45,0,50
233,471,0,50
233,483,0.058351,50
234,108,0,50
234,173,0,50
234,19,0,50
234,266,0.050505,50
234,305,0,50
234,34,0,50
234,354,0,50
234,358,0,50
234,386,0.174806,50
234,388,0,50
234,405,0.062093,50
234,452,0,50
234,60,0,50
234,84,0,50
235,108,0,50
235,195,0,50
235,286,0,50
235,299,0,50
235,3,0,50
235,316,0,50
235,320,0,50
235,354,0,50
235,374,0,50
235,438,0.066877,50
236,109,0,50
236,11,0,50
236,117,0,50
236,136,0,50
236,166,0,50
236,181,1.99884,50
236,189,0.146478,50
236,230,0,50
236,252,0,50
236,287,0,50
236,298,0.09253,50
236,429,0.13191,50
236,484,0,50
236,489,0.071448,50
236,74,0,50
237,151,0,50
237,173,0.131402,50
237,305,0,50
237,33,0,50
237,335,0,50
237,353,0,50
237,380,0,50
237,39,0,50
237,406,0,50
237,478,0,50
237,58,0,50
238,10,0,50
238,145,0,50
238,155,0.401034,50
238,187,0,50
238,201,0,50
238,22,0,50
238,223,0,50
238,229,0,50
238,303,0,50
238,347,0,50
238,360,0,50
238,372,0,50
238,380,0,50
238,415,0,50
238,79,0,50
239,178,0,50
239,319,0,50
239,464,0,50
24,179,0.229277,50
24,237,0,50
24,249,0.210772,50
24,295,0,50
24,415,0,50
24,442,0,50
24,474,0,50
24,486,0,50
24,72,0.054219,50
240,155,0,50
240,182,0,50
240,248,1.51823,50
240,285,0,50
240,317,0,50
240,320,0,50
240,363,0,50
240,386,0,50
240,451,0,50
240,478,0,50
240,62,0,50
240,72,0,50
240,82,0,50
241,0,0.063901,50
241,115,0,50
241,19,0,50
241,250,0,50
241,265,0,50
241,32,0,50
241,354,0,50
241,384,0.06823,50
241,39,0,50
241,40,0,50
241,45,0,50
241,473,0,50
241,483,0,50
242,105,0,50
242,182,0,50
242,195,0,50
242,198,0.05945,50
242,220,0,50
242,223,0.121532,50
242,224,0.057846,50
242,283,0,50
242,291,0,50
242,31,0,50
242,316,0,50
242,345,0.055687,50
242,352,0,50
242,480,0,50
242,510,0,50
242,60,0,50
242,81,0,50
243,151,0,50
243,216,0,50
243,244,0.080021,50
243,287,0,50
243,29,0.085696,50
243,415,0,50
243,437,0,50
243,58,0,50
243,64,0,50
243,78,0,50
244,111,0,50
244,151,0,50
244,216,0,50
244,265,0,50
244,287,0,50
244,29,0.057357,50
244,360,0,50
244,41,0,50
244,415,0,50
244,437,0,50
244,478,0,50
244,58,0,50
244,64,0,50
244,78,0,50
245,109,0,50
245,133,0.271785,50
245,217,0.077734,50
245,34,0,50
245,404,0,50
245,44,0,50
245,77,0,50
246,118,0.11736,50
246,119,0,50
246,382,0,50
246,474,0,50
248,155,0,50
248,285,0,50
248,320,0,50
248,363,0,50
248,390,0,50
248,451,0,50
248,459,0,50
248,478,0,50
248,72,1.41071,50
248,82,0,50
249,132,0.111007,50
249,219,0,50
249,245,0,50
249,260,0,50
249,303,0,50
249,31,0,50
249,335,0,50
249,345,0,50
249,422,0,50
249,47,0,50
249,471,0,50
249,49,0,50
249,84,0,50
25,148,0,50
25,284,0,50
25,354,0,50
25,473,0,50
25,479,0,50
250,103,0,50
250,111,0.39963,50
250,117,0,50
250,173,0,50
250,221,0.093285,50
250,289,0,50
250,305,0,50
250,320,0,50
250,370,0,50
250,378,0.146372,50
250,60,0,50
250,84,0,50
251,178,0,50
251,239,0.054099,50
251,319,0,50
251,357,0,50
251,458,0.118895,50
251,464,0,50
252,105,0.051433,50
252,167,0,50
252,201,0,50
252,22,0,50
252,223,0.796879,50
252,254,0.149879,50
252,301,0,50
252,358,0,50
252,383,0.08425,50
252,421,0,50
252,473,0,50
252,484,0,50
253,202,0,50
253,216,0.054698,50
253,281,0,50
253,32,0,50
253,347,0.105004,50
253,360,0,50
253,448,0,50
253,454,0,50
253,473,0,50
253,481,0,50
253,96,0.126657,50
254,201,0,50
254,223,0,50
254,250,0,50
254,273,0,50
254,285,0,50
254,383,0.105401,50
254,421,0.156013,50
254,484,0,50
255,10,0,50
255,136,0,50
255,167,0,50
255,201,0,50
255,223,0.81889,50
255,250,0,50
255,252,0.093969,50
255,254,0,50
255,353,0,50
255,363,0,50
255,383,0.109502,50
255,406,0,50
255,421,0,50
255,484,0,50
255,509,0,50
255,53,0,50
256,105,0.054337,50
256,153,0,50
256,216,0.050692,50
256,260,0,50
256,290,0.0533,50
256,451,0,50
256,60,0,50
257,105,0,50
257,109,0,50
257,153,0,50
257,173,0,50
257,229,0,50
257,33,0,50
257,473,0,50
257,71,0,50
257,77,0.11626,50
258,105,0.060306,50
258,145,0,50
258,146,0,50
258,166,0,50
258,17,0,50
258,451,0.057963,50
258,488,0.056229,50
258,70,0,50
258,82,0.060343,50
259,14,0,50
259,163,0,50
259,173,0,50
259,22,0.137883,50
259,276,0,50
259,360,0,50
259,463,0,50
259,58,0,50
26,111,0,50
26,112,0,50
26,145,0,50
26,216,0,50
26,257,0,50
26,299,0,50
26,477,0,50
260,105,0.082135,50
260,114,0,50
260,121,0.054578,50
260,215,0,50
260,216,0,50
260,235,0,50
260,26,0.094612,50
260,305,0,50
260,314,0,50
260,33,0.184823,50
260,354,0.309805,50
260,386,0.089625,50
260,388,0.218325,50
261,107,0,50
261,173,0,50
261,195,0.058788,50
261,317,0,50
261,329,0.077897,50
261,332,0,50
261,360,0,50
261,393,0,50
261,474,0.05068,50
261,495,0,50
261,72,0,50
261,97,0,50
262,274,0.056696,50
262,441,0.12176,50
263,115,0,50
263,123,0,50
263,148,0,50
263,229,0,50
263,347,0,50
263,384,0,50
263,473,0,50
263,65,1.99187,50
263,84,0,50
264,123,0,50
264,182,0,50
264,238,0,50
264,284,0,50
264,317,0,50
264,437,0,50
264,438,0,50
264,473,0,50
264,55,0,50
264,88,0.089082,50
265,0,0.092275,50
265,121,0,50
265,122,0,50
265,153,0,50
265,19,0,50
265,230,0.17997,50
265,312,0,50
265,32,0,50
265,354,0,50
265,489,0.11105,50
265,99,0,50
266,101,0,50
266,107,0,50
266,138,0,50
266,141,0,50
266,263,0,50
266,287,0.084359,50
266,289,0,50
266,298,0.050283,50
266,354,0,50
266,396,0.050179,50
266,416,0.166956,50
266,452,0,50
266,511,1.34629,50
267,108,0,50
267,136,0,50
267,23,0,50
267,271,0,50
267,327,0.061458,50
267,360,0.082957,50
267,392,0,50
267,393,0.070534,50
267,485,0,50
267,7,0,50
268,24,0,50
268,33,0,50
268,333,0.149449,50
268,344,0,50
268,353,0,50
268,374,0,50
268,383,0,50
268,388,0,50
268,421,0.072225,50
268,60,0,50
268,72,0,50
269,105,0,50
269,159,0.055535,50
269,216,0,50
269,253,0,50
269,264,0.060268,50
269,27,0.065096,50
269,294,0.061143,50
269,32,0,50
269,415,0,50
269,468,0.06832,50
269,55,0,50
269,82,0.064197,50
269,88,0,50
27,155,0,50
27,182,0,50
27,223,0,50
27,32,0,50
27,372,0,50
27,383,0,50
27,386,0,50
27,415,0,50
27,448,0.05092,50
27,62,0,50
270,31,0.11423,50
271,26,0,50
271,31,0.06717,50
271,314,0.09792,50
271,392,0.053056,50
271,396,0,50
271,438,0.068528,50
272,108,0,50
272,23,0.124632,50
272,267,0.080119,50
272,271,0,50
272,327,0.069344,50
272,360,0,50
272,392,0,50
272,393,0,50
272,485,0,50
273,1,0,50
273,108,0,50
273,223,0,50
273,230,0,50
273,32,0.075061,50
273,335,0,50
273,383,0,50
273,388,0,50
273,72,0,50
273,8,0,50
273,87,0.080625,50
274,108,0,50
274,122,0,50
274,22,0,50
274,250,0,50
274,276,0.051179,50
274,349,0,50
274,351,0.129531,50
274,354,0,50
274,60,0,50
275,201,0,50
275,215,0,50
275,238,0,50
275,282,0.08802,50
275,291,0.106201,50
275,380,0,50
275,414,0,50
275,474,0,50
276,101,0,50
276,103,0,50
276,122,0,50
276,147,0.090447,50
276,173,0,50
276,221,0,50
276,229,0,50
276,250,0.234228,50
276,305,0,50
276,390,0,50
276,434,0,50
276,58,0,50
276,71,0,50
276,72,0,50
276,84,0,50
277,155,0,50
277,157,0.069665,50
277,279,0.075795,50
277,309,0,50
277,394,0,50
277,404,0.082015,50
277,421,0.052066,50
277,453,0,50
277,463,0,50
277,497,0,50
277,87,0,50
278,107,0,50
278,116,0,50
278,164,0,50
278,187,0,50
278,195,0,50
278,235,0,50
278,24,0,50
278,305,0,50
278,316,0,50
278,359,0,50
278,370,0.644137,50
278,406,0,50
278,510,0,50
278,81,0,50
278,9,0.148373,50
279,0,0,50
279,121,0.052511,50
279,19,0,50
279,201,0,50
279,234,0,50
279,241,0,50
279,280,0,50
279,354,0,50
279,358,0,50
279,383,0,50
279,386,0,50
279,388,0,50
279,484,0,50
279,60,0.123285,50
279,87,0.107485,50
28,155,0,50
28,208,0,50
28,210,0,50
28,320,0,50
28,348,0,50
28,353,0,50
28,354,0,50
28,375,0,50
28,383,0,50
28,409,0.092689,50
28,461,0,50
28,478,0,50
280,108,0,50
280,250,0,50
280,252,0,50
280,257,0,50
280,299,0,50
280,484,0,50
281,10,0,50
281,151,0,50
281,22,0.060034,50
281,237,0,50
281,276,0,50
281,305,0.055535,50
281,320,0,50
281,33,0,50
281,385,0.145446,50
281,452,0,50
281,454,0,50
281,58,0,50
281,71,0,50
282,10,0,50
282,145,0,50
282,180,0,50
282,187,0,50
282,201,0,50
282,213,0,50
282,216,0,50
282,223,0,50
282,229,0,50
282,238,0.067629,50
282,287,0,50
282,301,0,50
282,328,0,50
282,347,0,50
282,360,0,50
282,380,0.078122,50
282,414,1.83701,50
282,415,0,50
282,474,0.664209,50
282,79,0.218649,50
283,141,0,50
283,173,0.126613,50
283,194,0,50
283,214,0,50
283,237,0,50
283,331,0,50
283,368,0,50
283,380,0,50
283,415,0.093631,50
283,62,1.87328,50
283,71,0,50
284,210,0,50
284,216,0.066489,50
284,316,0.160319,50
284,353,0,50
284,375,0,50
284,378,0,50
284,419,0,50
284,60,0,50
285,111,0,50
285,208,0.852276,50
285,210,0,50
285,413,0.160672,50
285,430,0.490425,50
285,5,0,50
286,108,0,50
286,153,0,50
286,252,0,50
286,257,0,50
286,280,0.096727,50
286,298,0,50
286,299,0,50
286,3,0,50
286,320,0,50
286,45,0,50
286,473,0,50
287,123,0,50
287,182,0,50
287,210,0,50
287,250,0,50
287,264,0.067632,50
287,284,0.116021,50
287,316,0,50
287,317,0,50
287,360,0,50
287,437,0,50
289,162,0,50
289,17,0.149738,50
289,229,0,50
289,243,0,50
289,301,0,50
289,335,0.602675,50
289,366,0,50
289,370,0,50
289,415,0,50
289,434,0,50
289,445,0,50
289,58,0,50
289,64,0,50
289,78,0,50
289,84,0,50
29,105,0.052881,50
29,108,0.066869,50
29,140,0,50
29,151,0,50
29,173,0,50
29,216,0,50
29,252,0,50
29,353,0,50
29,360,0,50
29,415,0,50
29,437,0,50
29,58,0,50
29,64,0,50
29,78,0,50
29,95,1.69962,50
290,105,0,50
290,121,0.050976,50
290,153,0,50
290,207,0,50
290,26,0.090511,50
290,260,0,50
290,33,0,50
290,60,0,50
291,105,0.079936,50
291,121,0.053742,50
291,265,0,50
291,303,0,50
291,478,0,50
291,62,0,50
292,195,0,50
292,316,0,50
292,359,0,50
292,370,0,50
292,41,0,50
292,438,0.059239,50
292,81,0,50
294,111,0,50
294,17,0,50
294,237,0,50
294,280,0.082775,50
294,3,0,50
294,300,0.121931,50
294,309,0.485658,50
294,320,0,50
294,438,0.053736,50
294,484,0,50
294,486,0.214469,50
294,72,0.338532,50
295,105,0,50
295,224,0,50
295,249,0.216674,50
295,26,0.089153,50
295,260,0.099026,50
295,290,0.145181,50
295,33,0,50
295,335,0,50
295,461,0,50
295,480,0,50
295,77,0,50
296,108,0.112764,50
296,140,0,50
296,157,0,50
296,167,0,50
296,223,0,50
296,254,0,50
296,289,0,50
296,326,0.05444,50
296,390,0.057171,50
296,41,0,50
296,431,0.101068,50
296,484,0,50
296,64,0.054946,50
296,95,0.118903,50
297,0,0,50
297,105,0.0539,50
297,122,0,50
297,153,0,50
297,208,0.319497,50
297,256,0,50
297,265,0.060823,50
297,384,0,50
297,413,0.057607,50
297,438,0,50
297,467,0,50
297,489,0.070989,50
297,74,0,50
298,107,0.243284,50
298,136,0,50
298,138,0,50
298,201,0,50
298,230,0,50
298,252,0,50
298,316,0,50
298,33,0.102486,50
298,354,0.054976,50
298,368,0.053799,50
298,380,0,50
298,452,0,50
298,481,0,50
298,484,0,50
299,107,0,50
299,121,0.055212,50
299,175,0,50
299,216,0,50
299,229,0,50
299,257,0.783786,50
299,26,0.097625,50
299,33,0,50
299,491,0,50
299,71,0,50
3,108,0,50
3,153,0.058342,50
3,229,0,50
3,250,0,50
3,257,0,50
3,280,0.08265,50
3,299,0,50
3,320,0,50
3,45,0.112602,50
3,473,0,50
30,110,0.166647,50
30,121,0,50
30,143,0,50
30,144,0.059161,50
30,186,0.459799,50
30,203,0,50
30,359,0,50
30,366,0,50
30,497,0,50
30,75,0,50
30,82,0,50
30,84,0,50
30,98,0,50
300,125,0,50
300,17,0,50
300,216,0,50
300,250,0.064738,50
300,281,0,50
300,3,0,50
300,309,0,50
300,317,0,50
300,454,0,50
300,484,0,50
300,486,0,50
300,489,0.110696,50
300,491,0.366396,50
300,72,0.325709,50
301,105,0.07832,50
301,109,0,50
301,117,0,50
301,195,0,50
301,201,0,50
301,22,0,50
301,281,0,50
301,327,0,50
301,365,0.18464,50
301,448,0,50
301,449,0,50
301,45,0,50
301,486,0,50
301,495,0.085866,50
301,72,0,50
301,84,0,50
301,85,0.104127,50
302,10,0,50
302,108,0,50
302,117,0.052536,50
302,132,0.085744,50
302,145,0,50
302,208,0.065784,50
302,301,0,50
302,327,0.138652,50
302,413,0,50
302,495,0,50
302,509,0,50
303,10,0,50
303,132,0.082835,50
303,145,0,50
303,213,0,50
303,214,0,50
303,229,0,50
303,301,1.20758,50
303,302,0,50
303,327,0,50
303,374,0,50
303,447,0,50
303,478,0,50
303,509,0,50
305,195,0,50
305,214,0,50
305,237,0.381657,50
305,33,0,50
305,359,0,50
305,380,0,50
305,406,0,50
305,452,0,50
305,481,0.486986,50
305,58,0,50
305,71,0,50
306,131,0,50
306,237,0,50
306,250,0,50
306,390,0,50
306,419,0,50
306,435,0,50
306,454,0,50
306,58,0,50
307,111,0.056219,50
307,115,0,50
307,119,0,50
307,153,0,50
307,155,0,50
307,180,0,50
307,229,0,50
307,353,0.143503,50
307,390,0,50
307,408,0,50
307,415,0.101405,50
307,483,0,50
307,90,0,50
308,1,0,50
308,250,0,50
308,273,0,50
308,33,0,50
308,335,0,50
308,344,0,50
308,353,0,50
308,383,0.111169,50
308,72,0,50
309,0,0,50
309,155,0.095719,50
309,201,0,50
309,234,0,50
309,237,0,50
309,241,0.391985,50
309,279,0.169482,50
309,280,0,50
309,482,0.054711,50
309,484,0,50
309,60,0.152465,50
309,87,0,50
31,105,0,50
31,182,0,50
31,200,0,50
31,220,0,50
31,223,0,50
31,224,0,50
31,283,0,50
31,291,0,50
31,330,0.167148,50
31,335,0,50
31,370,0,50
31,81,0,50
311,116,0.056192,50
311,135,0.091936,50
311,207,0,50
311,241,0,50
311,279,0.058144,50
311,309,0.126438,50
311,87,0,50
312,218,0,50
312,250,0.054647,50
312,260,0.058016,50
313,105,0,50
313,136,0,50
313,155,0,50
313,182,0,50
313,185,0,50
313,283,0,50
313,335,0,50
313,360,0,50
313,372,0,50
313,481,0,50
313,71,0,50
314,121,0.054592,50
314,131,0,50
314,216,0,50
314,257,0,50
314,26,0.103343,50
314,299,0,50
314,41,0,50
314,452,0,50
314,71,0,50
315,129,0,50
315,196,0,50
315,317,0,50
315,353,0,50
315,360,0,50
315,439,0,50
315,58,0,50
316,210,0,50
316,256,0,50
316,260,0,50
316,290,0,50
316,375,0.11897,50
316,378,0.078596,50
316,41,0,50
316,60,0,50
317,109,0,50
317,12,0,50
317,129,0,50
317,244,0,50
318,380,0.113047,50
318,498,0.05008,50
319,261,0,50
319,285,0,50
319,298,0.06159,50
319,413,0,50
319,502,0.066623,50
319,97,0,50
32,167,0,50
32,172,0,50
32,19,0,50
32,230,0.202723,50
32,250,0,50
32,335,0,50
32,354,0,50
32,45,0,50
32,47,0,50
32,90,0,50
32,99,0.129442,50
320,111,0.400115,50
320,191,0,50
320,250,0,50
321,0,0.064791,50
321,19,0.153442,50
321,230,0.14582,50
321,241,0,50
321,250,0,50
321,265,0,50
321,312,0,50
321,32,0,50
321,335,0,50
321,354,0,50
321,406,0,50
321,45,0,50
321,483,0,50
322,210,0,50
322,215,0,50
322,284,0.171306,50
322,306,0,50
322,347,0,50
322,353,0,50
322,354,0,50
322,375,0,50
322,379,0,50
322,382,0,50
322,389,0,50
322,419,0,50
322,438,0,50
322,72,0,50
323,108,0,50
323,23,0,50
323,267,0.081713,50
323,271,0,50
323,272,0.109914,50
323,327,0.071498,50
323,360,0,50
323,392,0,50
323,393,0,50
323,485,0.052161,50
324,109,0,50
324,124,0,50
324,125,0,50
324,136,0,50
324,138,0,50
324,166,0,50
324,181,0.096449,50
324,189,0,50
324,230,0,50
324,236,0.178246,50
324,259,0.053619,50
324,265,0,50
324,289,0,50
324,298,0,50
324,300,0.062817,50
324,315,0,50
324,342,0.119558,50
324,353,0,50
324,389,0,50
324,431,0,50
324,454,0.059371,50
324,489,0.104498,50
324,74,0,50
326,120,0,50
326,241,0,50
326,250,0,50
326,419,0,50
326,435,0,50
326,448,0,50
326,454,0,50
326,455,0,50
326,468,0.17714,50
326,58,0,50
326,71,0.781409,50
326,84,0,50
327,10,0,50
327,117,0.076626,50
327,132,0.088065,50
327,197,0,50
327,208,0.063793,50
327,243,0,50
327,301,0,50
327,326,0,50
327,353,0,50
327,485,0.068066,50
327,58,0,50
328,10,0,50
328,149,0,50
328,187,0,50
328,22,0,50
328,229,0,50
328,238,0,50
328,302,0,50
328,341,0,50
328,360,0,50
328,380,0,50
328,414,0,50
328,415,0,50
328,474,0,50
328,495,0,50
328,79,0,50
328,85,0,50
329,137,0,50
329,248,0,50
329,268,0.064004,50
329,273,0,50
329,317,0,50
329,320,0,50
329,332,0.105432,50
329,360,0,50
329,393,0.058809,50
329,421,0,50
329,473,0,50
329,474,0.127368,50
329,72,0,50
33,105,0.050895,50
33,109,0,50
33,153,0,50
33,216,0,50
33,229,0,50
33,243,0,50
33,257,0,50
33,26,0.089137,50
33,265,0,50
33,281,0,50
33,335,0,50
33,491,0.150456,50
33,71,0,50
33,97,0.138719,50
330,182,0,50
330,198,0.067711,50
330,223,0,50
330,24,0,50
330,254,0,50
330,29,0,50
330,317,0.128785,50
330,335,0,50
330,338,0.107452,50
330,346,0.068884,50
330,450,0.068864,50
330,470,0,50
330,481,0,50
331,155,0,50
331,28,0.113129,50
331,320,0,50
331,380,0,50
331,383,0,50
331,409,0,50
331,461,0.742534,50
331,478,0,50
331,479,0.05046,50
331,53,0,50
331,91,0.07832,50
332,137,0,50
332,268,0.088451,50
332,273,0,50
332,287,0.109814,50
332,29,0,50
332,317,0,50
332,333,0.079609,50
332,354,0,50
332,383,0,50
332,393,0.162149,50
332,421,0,50
332,473,0.060536,50
332,474,0,50
332,5,0,50
332,72,0,50
333,142,0.108623,50
333,148,0,50
333,24,0,50
333,308,0.052888,50
333,317,0,50
333,344,0,50
333,353,0,50
333,354,0,50
333,383,0,50
333,388,0,50
333,421,0.084362,50
333,442,0,50
333,72,0,50
333,89,0,50
334,111,0,50
334,175,0,50
334,229,0,50
334,3,0,50
334,357,0.972988,50
334,42,0,50
334,473,0,50
335,121,0,50
335,143,0.208411,50
335,17,0.052174,50
335,245,0.050242,50
335,301,0,50
335,405,0,50
335,449,0,50
335,459,0.160679,50
335,98,0.124309,50
337,142,0.220697,50
337,211,0,50
337,259,0.065158,50
337,333,0.073695,50
337,369,0.07631,50
337,432,0,50
337,434,0,50
337,442,0,50
338,121,0,50
338,169,0,50
338,198,0.065401,50
338,223,0,50
338,24,0,50
338,254,0,50
338,335,0,50
338,346,0,50
338,424,0,50
338,442,0,50
338,450,0,50
338,451,0,50
338,470,1.58822,50
338,481,0,50
338,486,0,50
339,120,0,50
339,123,0,50
339,129,0.152696,50
339,131,0.056284,50
339,15,0,50
339,180,0.197187,50
339,233,0.10573,50
339,263,0,50
339,285,0,50
339,291,0.055882,50
339,306,0.141163,50
339,343,0.108402,50
339,461,0,50
339,484,0,50
339,58,0,50
34,105,0.073304,50
34,108,0.073526,50
34,19,0,50
34,235,0,50
34,354,0,50
34,358,0,50
34,386,0.314059,50
34,388,0,50
34,405,0.114536,50
34,452,0,50
34,60,0,50
340,120,0,50
340,273,0,50
340,29,0.067933,50
340,299,0,50
340,363,0.075298,50
340,421,0,50
340,431,0,50
341,142,0.218959,50
341,187,0,50
341,211,0,50
341,337,0,50
341,369,0.06912,50
342,109,0,50
342,136,0,50
342,143,0,50
342,259,0.07445,50
342,360,0,50
342,489,0.102052,50
343,111,0.052655,50
343,115,0,50
343,123,0.078629,50
343,129,0.066588,50
343,15,0,50
343,180,0.181424,50
343,229,0,50
343,233,0.105763,50
343,263,0,50
343,359,0,50
343,387,0,50
343,455,0.075209,50
343,58,0,50
343,65,0,50
343,67,0.129123,50
343,84,0,50
344,105,0,50
344,155,0,50
344,273,0,50
344,290,0,50
344,383,0.080082,50
344,72,0,50
345,10,0,50
345,303,0,50
345,347,0,50
345,422,0,50
345,47,0,50
346,194,0,50
346,214,0,50
346,223,0,50
346,24,0,50
346,254,0,50
346,317,0.111124,50
346,335,0,50
346,415,0,50
346,421,0,50
346,450,0,50
346,470,0,50
346,474,0,50
346,481,0,50
346,98,0.124062,50
347,10,0,50
347,187,0,50
347,216,0,50
347,32,0,50
347,320,0,50
347,439,0,50
347,454,0,50
347,47,0,50
347,481,0,50
347,58,0,50
348,157,0.296439,50
348,210,0,50
348,306,0,50
348,322,0.089517,50
348,347,0,50
348,353,0,50
348,354,0,50
348,375,0,50
348,379,0,50
348,383,0,50
348,389,0,50
348,438,0,50
348,72,0,50
349,155,0,50
349,157,0,50
349,193,0,50
349,277,0.082136,50
349,279,0,50
349,309,0,50
349,347,0,50
349,394,0,50
349,421,0.051864,50
349,453,0.218321,50
349,463,0,50
349,497,0.063256,50
35,14,0,50
35,148,0,50
35,155,0,50
35,163,0,50
35,173,0,50
35,22,0.122174,50
35,259,0.076305,50
35,408,0,50
35,434,0,50
35,463,0,50
35,58,0,50
350,125,0,50
350,126,0.140878,50
350,208,0,50
350,280,0,50
350,294,0.056111,50
350,300,0,50
350,315,0.054842,50
350,382,0.052706,50
350,405,0,50
350,438,0,50
350,454,0,50
350,484,0,50
350,489,0,50
351,101,0,50
351,108,0.058481,50
351,122,0,50
351,147,0,50
351,22,0.151507,50
351,250,0,50
351,276,0.055025,50
351,277,0,50
351,316,0.051138,50
351,349,0.074924,50
351,354,0,50
351,463,0,50
351,497,0.073766,50
351,60,0,50
352,10,0,50
352,195,0,50
352,225,0.06394,50
352,278,0,50
352,316,0,50
352,320,0,50
352,345,0,50
352,359,0,50
352,365,0,50
352,370,0,50
352,406,0,50
352,510,0,50
352,53,0,50
352,60,0,50
352,70,0,50
352,81,0.104994,50
353,105,0.0523,50
353,149,0,50
353,273,0,50
353,290,0,50
353,320,0,50
353,344,0.146504,50
353,383,0.078058,50
353,415,0,50
353,72,0,50
354,237,0,50
354,305,0,50
354,33,0,50
354,335,0,50
354,353,0,50
354,368,0.075465,50
354,380,0,50
354,452,0,50
354,47,0,50
354,481,0,50
354,484,0,50
355,107,0,50
355,354,0.132379,50
355,358,0.093403,50
355,368,0,50
355,380,0,50
355,40,0.067255,50
356,102,0,50
356,145,0.060056,50
356,155,0,50
356,161,0.125108,50
356,163,0,50
356,242,0,50
356,250,0,50
356,320,0.275622,50
356,479,0.053555,50
356,483,0.056167,50
357,105,0.052167,50
357,111,0.094816,50
357,17,0,50
357,175,0,50
357,203,0,50
357,280,0,50
357,292,0,50
357,294,0.140548,50
357,3,0,50
357,320,0,50
357,486,0,50
357,497,0,50
358,374,0,50
358,40,0.083807,50
358,452,0,50
358,482,0,50
359,108,0,50
359,111,0.066119,50
359,169,0,50
359,195,0,50
359,229,0,50
359,370,0,50
359,438,0.063059,50
359,486,0,50
359,495,0.134412,50
359,81,0,50
359,84,0,50
36,0,0,50
36,173,0,50
36,185,0,50
36,24,0.251134,50
36,278,0.198685,50
36,474,0,50
36,98,0.180009,50
360,108,0,50
360,129,0,50
360,317,0.072438,50
360,393,0,50
360,439,0.062717,50
360,473,0,50
360,474,0,50
360,58,0,50
362,112,0,50
362,138,0,50
362,161,0.077098,50
362,169,0,50
362,191,0,50
362,193,0,50
362,22,0,50
362,224,0,50
362,266,0,50
362,285,0.080413,50
362,287,0.123971,50
362,302,0,50
362,320,0,50
362,321,0.051952,50
362,349,0,50
362,390,0.056021,50
362,416,0,50
363,167,0,50
363,237,0,50
363,250,0,50
363,252,0,50
363,255,0.245378,50
363,383,0.078358,50
363,406,0,50
363,421,0,50
363,484,0,50
363,509,0,50
364,111,0,50
364,229,0.050081,50
364,334,0.106081,50
364,357,0,50
364,380,0.065277,50
364,42,0.126077,50
365,10,0,50
365,105,0.054994,50
365,109,0,50
365,117,0.196169,50
365,17,0,50
365,173,0,50
365,189,0,50
365,195,0,50
365,260,0,50
365,281,0,50
365,320,0,50
365,327,0,50
365,495,0,50
365,85,0.096754,50
366,185,0,50
366,335,0,50
366,490,0,50
366,64,0,50
366,78,0,50
366,84,0,50
367,125,0.078291,50
367,166,0,50
367,184,0.117918,50
367,201,0,50
367,236,0.09515,50
367,252,0,50
367,316,0,50
367,431,0,50
367,62,0.094461,50
368,0,0,50
368,237,0.379944,50
368,305,0,50
368,33,0,50
368,335,0,50
368,380,0,50
368,39,0,50
368,406,0,50
368,478,0,50
368,484,0,50
368,62,0,50
369,105,0.079273,50
369,200,0,50
369,201,0,50
369,291,0.063758,50
369,353,0,50
369,380,0,50
369,451,0,50
369,478,0,50
369,62,0,50
37,289,0.076356,50
37,300,0,50
37,324,0.105545,50
37,362,0,50
37,369,0,50
37,373,0,50
37,459,0,50
370,107,0.05252,50
370,185,0,50
370,195,0,50
370,201,0,50
370,305,0,50
370,316,0,50
370,359,0,50
370,36,0,50
370,360,0,50
370,366,0,50
370,406,0,50
370,415,0,50
370,481,0,50
370,64,0,50
370,81,0,50
371,111,0,50
371,112,0.15034,50
371,121,0,50
371,13,0,50
371,138,0,50
371,145,0.090274,50
371,169,0,50
371,185,0,50
371,193,0,50
371,22,0,50
371,26,0,50
371,287,0.118086,50
371,360,0,50
371,362,0.075109,50
371,477,0,50
371,481,0,50
372,234,0,50
372,305,0,50
372,354,0,50
372,358,0,50
372,374,0,50
372,380,0,50
372,386,0.262582,50
372,405,0,50
372,45,0,50
372,452,0,50
372,60,0,50
372,62,0,50
373,13,0,50
373,169,0,50
373,193,0,50
373,26,0,50
373,289,0.055337,50
373,362,0,50
373,371,0.123252,50
373,477,0,50
374,121,0.054533,50
374,19,0,50
374,192,0,50
374,268,0,50
374,279,0.115191,50
374,299,0,50
374,383,0,50
374,388,0,50
374,452,0,50
374,60,0,50
375,103,0,50
375,131,0,50
375,215,0,50
375,287,0,50
375,306,0.112813,50
375,370,0,50
375,378,0,50
375,419,0,50
375,471,0,50
375,60,0,50
376,138,0.131417,50
376,170,0,50
376,182,0,50
376,214,0,50
376,372,0.07112,50
376,380,0,50
376,396,0,50
376,416,0,50
376,434,0,50
376,486,0.056324,50
376,72,0,50
377,123,0,50
377,136,0,50
377,17,0.05703,50
377,170,0,50
377,185,0,50
377,236,0.16893,50
377,313,0,50
377,36,0.070465,50
377,380,0,50
377,434,0,50
377,445,0,50
377,480,0.130675,50
377,482,0,50
377,508,0.207764,50
377,71,0,50
378,103,0,50
378,195,0,50
378,256,0.15969,50
378,292,0,50
378,33,0,50
378,41,0,50
378,60,0,50
379,116,0,50
379,121,0.052268,50
379,122,0,50
379,185,0,50
379,216,0.070921,50
379,291,0,50
379,303,0,50
379,358,0,50
379,374,0,50
379,415,0,50
379,467,0,50
379,64,0,50
379,78,0,50
380,10,0,50
380,115,0,50
380,123,0,50
380,187,0,50
380,237,0.418973,50
380,303,0,50
380,33,0,50
380,347,0,50
380,388,0,50
380,406,0,50
380,415,0,50
380,481,0,50
381,169,0,50
381,173,0,50
381,195,0.053397,50
381,261,0.1242,50
381,301,0.121245,50
381,329,0.06451,50
381,360,0,50
381,495,0.070285,50
381,72,0.057593,50
381,84,0,50
382,116,0,50
382,122,0,50
382,125,0,50
382,153,0,50
382,243,0,50
382,291,0,50
382,297,0,50
382,366,0,50
382,374,0,50
382,379,0,50
382,384,0.348029,50
382,40,0,50
382,489,0,50
382,78,0.085006,50
383,173,0.147901,50
383,273,0,50
383,301,0,50
383,335,0,50
383,388,0,50
383,415,0.137877,50
383,449,0,50
383,47,0,50
383,473,0,50
383,8,0,50
384,0,0.181021,50
384,101,0,50
384,103,0,50
384,107,0,50
384,153,0,50
384,256,0,50
384,265,0,50
384,287,0,50
384,290,0,50
384,380,0,50
384,39,0,50
384,40,0.071811,50
384,473,0,50
384,489,0,50
384,72,0,50
384,84,0,50
385,122,0,50
385,147,0,50
385,22,0,50
385,221,0,50
385,237,0,50
385,276,0,50
385,299,0.229091,50
385,305,0,50
385,33,0,50
385,360,0,50
385,425,0,50
385,452,0,50
385,454,0,50
385,53,0.179743,50
385,71,0,50
385,84,0,50
386,105,0,50
386,290,0,50
386,305,0,50
386,354,0,50
386,405,0,50
386,438,0.065288,50
386,478,0,50
386,62,0,50
386,72,0,50
387,111,0.054082,50
387,115,0,50
387,153,0,50
387,180,0,50
387,229,0,50
387,237,0.061628,50
387,263,0,50
387,307,0.121304,50
387,353,0,50
387,390,0,50
387,408,0,50
387,84,0,50
388,105,0.077097,50
388,121,0.055586,50
388,252,0,50
388,305,0,50
388,34,0,50
388,354,0.324866,50
388,358,0,50
388,386,0,50
388,452,0,50
388,467,0,50
389,157,0.26872,50
389,210,0,50
389,221,0.152982,50
389,335,0,50
389,353,0,50
389,354,0,50
389,390,0,50
389,473,0,50
389,478,0,50
39,201,0,50
39,289,0,50
39,305,0,50
39,423,0,50
390,221,0,50
390,285,0,50
390,287,0,50
390,305,0,50
390,335,0,50
390,348,0,50
390,353,0,50
390,354,0,50
390,360,0,50
390,389,0.062429,50
390,473,0.311394,50
390,478,0,50
390,58,0,50
391,186,0.494381,50
391,30,0,50
391,455,1.96848,50
392,191,0,50
392,22,0.140206,50
392,281,0,50
392,299,0,50
392,320,0.711723,50
392,347,0,50
392,378,0,50
392,452,0,50
392,72,0,50
393,136,0,50
393,156,0,50
393,268,0,50
393,273,0,50
393,287,0.121349,50
393,29,0,50
393,317,0,50
393,354,0,50
393,473,0.128271,50
393,474,0,50
393,5,0,50
393,72,0,50
394,105,0.074847,50
394,153,0,50
394,155,0,50
394,167,0,50
394,268,0,50
394,290,0,50
394,326,0,50
394,333,0,50
394,398,0,50
394,408,0,50
394,462,0,50
394,497,1.97582,50
395,487,0.115586,50
395,97,0.06128,50
396,141,0,50
396,249,0,50
396,302,0,50
396,327,0,50
396,384,1.15782,50
396,451,0,50
396,72,0,50
397,105,0,50
397,159,0.054557,50
397,216,0,50
397,253,0,50
397,264,0.056579,50
397,269,0.075417,50
397,27,0.061631,50
397,294,0.058432,50
397,32,0,50
397,415,0,50
397,468,0.067189,50
397,82,0.06013,50
398,105,0.145974,50
398,333,0,50
398,40,0,50
398,408,0,50
398,411,0.078819,50
399,111,0,50
399,123,0,50
399,136,0,50
399,264,0,50
399,284,0,50
399,335,0,50
399,359,0,50
4,111,0,50
4,112,0.115808,50
4,345,0,50
4,349,0,50
4,358,0.082744,50
4,41,0,50
4,477,0,50
40,0,0,50
40,103,0,50
40,153,0,50
40,287,0,50
40,39,0,50
40,60,0,50
40,72,0,50
40,84,0,50
400,179,0.083157,50
400,344,0.109913,50
400,442,0.058656,50
400,500,0.056444,50
400,508,0.055649,50
401,107,0,50
401,148,0,50
401,374,0,50
401,437,0,50
401,53,0.243493,50
402,108,0,50
402,111,0.105559,50
402,172,0,50
402,268,0.05975,50
402,308,0,50
402,32,0,50
402,320,0,50
402,326,0,50
402,344,0,50
402,354,0,50
402,404,0.220981,50
402,408,0,50
402,43,0,50
402,483,0.085122,50
402,509,0.407863,50
404,108,0,50
404,111,0,50
404,268,0.087844,50
404,290,0,50
404,320,0,50
404,326,0,50
404,344,0,50
404,394,0,50
404,421,0,50
404,438,0,50
404,465,0,50
404,47,0,50
404,492,0,50
404,509,0.489328,50
404,60,0,50
405,109,0,50
405,299,0,50
405,358,0,50
405,374,0,50
405,380,0,50
405,406,0,50
405,437,0.691941,50
405,53,0,50
405,90,0,50
406,10,0,50
406,109,0,50
406,320,0,50
406,335,0,50
406,45,0,50
406,47,0,50
406,484,0,50
406,53,0.127263,50
408,111,0,50
408,208,0,50
408,250,0,50
408,285,0.065438,50
408,305,0,50
408,390,0.054616,50
408,413,0,50
408,430,0.753182,50
409,15,0.082331,50
409,155,0,50
409,157,0.317523,50
409,210,0,50
409,322,0,50
409,348,0.081257,50
409,353,0,50
409,354,0,50
409,375,0,50
409,379,0,50
409,383,0,50
409,389,0,50
409,478,0,50
41,144,0,50
41,229,0,50
41,289,0.93178,50
41,301,0,50
41,335,0.559311,50
41,347,0,50
41,384,0,50
41,418,0,50
41,434,0,50
411,149,0,50
411,157,0,50
411,210,0,50
411,216,0,50
411,221,0.067051,50
411,285,0,50
411,389,0.129722,50
411,390,0,50
411,408,0.085905,50
411,413,0,50
411,473,0.06599,50
413,122,0,50
413,153,0,50
413,182,0,50
413,208,0.882432,50
413,210,0,50
413,265,0,50
413,489,0.10958,50
413,5,0,50
414,105,0.078195,50
414,140,0.068678,50
414,15,0.181786,50
414,201,0,50
414,22,0,50
414,223,0,50
414,286,0,50
414,287,0,50
414,29,0,50
414,301,0.062077,50
414,347,0,50
414,358,0,50
414,365,0,50
414,380,0,50
414,389,0,50
414,448,0,50
414,484,0,50
414,95,0,50
415,155,0,50
415,185,0,50
415,201,0,50
415,223,0.065379,50
415,291,0,50
415,369,0,50
415,372,0,50
415,380,0,50
415,396,0,50
415,40,0,50
415,451,0,50
415,486,0,50
415,62,0,50
415,64,0,50
415,72,0.052877,50
416,101,0,50
416,155,0,50
416,249,0,50
416,327,0,50
416,384,0,50
416,396,0,50
416,451,0,50
416,452,0,50
416,486,0,50
416,72,0,50
417,19,0.101686,50
418,0,0,50
418,107,0,50
418,171,0,50
418,265,0,50
418,291,0,50
418,321,0,50
418,384,0,50
418,40,0,50
418,419,0,50
418,435,0,50
419,107,0,50
419,171,0.08482,50
419,184,0,50
419,250,0,50
419,263,0,50
419,265,0,50
419,321,0,50
419,33,0.482958,50
419,435,0.059987,50
419,454,0,50
419,471,0,50
419,473,0,50
419,60,0.050887,50
42,111,0,50
42,229,0,50
42,3,0,50
42,334,0.084275,50
42,357,0,50
42,380,0.066787,50
420,146,0,50
420,157,0,50
420,172,0.06049,50
420,19,0.075894,50
420,221,0,50
420,230,0,50
420,265,0.068059,50
420,29,0,50
420,32,0,50
420,321,0.153526,50
420,335,0,50
420,354,0.137802,50
420,372,0,50
420,389,0,50
420,390,0.137898,50
420,405,0,50
420,473,0.064602,50
420,53,0,50
420,87,0,50
420,99,0,50
421,250,0,50
421,273,0,50
421,285,0,50
421,308,0.069016,50
421,33,0,50
421,353,0.056457,50
421,383,0.108093,50
421,72,0,50
422,10,0,50
422,108,0.091772,50
422,146,0,50
422,178,0,50
422,180,0,50
422,213,0,50
422,22,0,50
422,223,0,50
422,229,0,50
422,287,0,50
422,303,0,50
422,478,0,50
422,53,0,50
423,153,0,50
423,17,0.078219,50
423,184,0,50
423,185,0,50
423,243,0,50
423,244,0,50
423,265,0,50
423,289,0,50
423,321,0,50
423,33,0.464512,50
423,415,0,50
423,64,0,50
423,78,0,50
423,95,0,50
424,136,0,50
424,214,0.106552,50
424,216,0,50
424,237,0.107655,50
424,250,0.145778,50
424,281,0,50
424,300,0,50
424,317,0,50
424,354,0,50
424,390,0,50
424,434,0.072909,50
424,491,0.783143,50
424,5,0,50
424,70,0,50
425,103,0,50
425,164,0.061138,50
425,195,0,50
425,201,0,50
425,209,0,50
425,242,0,50
425,278,0,50
425,292,0,50
425,305,0,50
425,316,0,50
425,352,0,50
425,359,0,50
425,370,0,50
425,388,0,50
425,406,0,50
425,60,0,50
425,70,0,50
425,81,0,50
425,9,0,50
429,11,0,50
429,117,0,50
429,136,0,50
429,166,0.092195,50
429,170,0,50
429,181,0,50
429,189,0.172976,50
429,230,0,50
429,252,0.059508,50
429,280,0,50
429,287,0,50
429,298,0.122112,50
429,33,0,50
429,380,0,50
429,431,0,50
429,454,0,50
429,47,0,50
429,484,0,50
429,489,0.108738,50
43,111,0.398549,50
43,155,0,50
43,230,0,50
43,250,0,50
43,320,0,50
43,430,0,50
43,45,0,50
43,91,0.150481,50
430,111,0,50
430,244,0.175372,50
430,285,0.056792,50
430,305,0,50
430,353,0,50
430,413,0,50
430,459,0,50
430,462,0,50
430,478,0,50
431,108,0.220852,50
431,129,0,50
431,315,0.058234,50
431,360,0,50
431,437,0,50
431,439,0,50
431,484,0,50
431,58,0,50
432,142,0.221854,50
432,259,0,50
432,291,0,50
432,333,0.073268,50
432,374,0.050937,50
432,434,0.078683,50
432,439,0.068209,50
432,442,0,50
432,87,0,50
432,99,0.05061,50
433,155,0,50
433,201,0,50
433,223,0,50
433,331,0,50
433,441,0,50
433,475,0,50
433,490,0.050115,50
433,506,0,50
433,83,0,50
434,123,0,50
434,142,0.059499,50
434,170,0,50
434,182,0,50
434,214,0,50
434,71,0,50
435,125,0,50
435,153,0,50
435,17,0.071422,50
435,184,0.071265,50
435,185,0,50
435,243,0,50
435,250,0,50
435,265,0,50
435,287,0,50
435,321,0.213394,50
435,33,0.461548,50
435,379,0,50
435,415,0,50
435,423,0.212183,50
435,64,0,50
435,78,0,50
435,95,0,50
436,111,0.097896,50
436,112,0.075571,50
436,114,0.102382,50
436,121,0,50
436,17,0,50
436,22,0,50
436,257,0,50
436,259,0.055595,50
436,273,0.05236,50
436,292,0,50
436,308,0.185879,50
436,314,0,50
436,315,0,50
436,349,0,50
436,370,0.068241,50
436,377,0,50
436,41,0,50
436,445,0,50
436,477,0.059427,50
436,498,0.160969,50
436,508,0,50
437,109,0,50
437,122,0,50
437,133,0.075801,50
437,344,0,50
437,358,0,50
437,77,0.239431,50
438,347,0.057491,50
438,40,0,50
438,439,1.14553,50
438,442,0,50
439,129,0,50
439,142,0.106479,50
439,224,0,50
439,235,0,50
439,243,0,50
439,317,0.187028,50
439,442,0,50
439,58,0,50
44,148,1.3581,50
44,172,0,50
44,187,0,50
44,237,0,50
44,24,0.513989,50
44,245,0.052728,50
44,305,0,50
44,353,0,50
44,408,0,50
44,474,0,50
44,77,0.116284,50
441,121,0.053138,50
441,132,0,50
441,301,0,50
441,303,0,50
441,374,0,50
441,383,0,50
441,439,0,50
441,452,0,50
441,470,0,50
441,478,0,50
441,481,0,50
441,60,0,50
442,179,0,50
442,200,0,50
442,224,0.068262,50
442,295,0.076408,50
442,31,0,50
442,317,0.159143,50
442,335,0,50
442,451,0,50
442,480,0,50
443,187,0.248099,50
443,29,0,50
443,317,0,50
443,330,0,50
443,335,0,50
443,360,0,50
443,386,0.062916,50
443,415,0,50
443,441,0,50
443,450,0,50
443,478,0,50
443,481,0,50
443,505,0.13446,50
445,139,0,50
445,155,0,50
445,158,0.144041,50
445,162,0,50
445,185,0,50
445,253,0.064628,50
445,313,0,50
445,360,0,50
445,366,0.054992,50
445,370,0,50
445,373,0,50
445,415,0,50
445,481,0,50
445,490,0.081218,50
445,64,0.057885,50
445,78,0,50
445,96,0,50
446,120,0.146029,50
446,140,0,50
446,167,0,50
446,255,0,50
446,29,0.060198,50
446,299,0,50
446,340,0.069185,50
446,363,0.102046,50
446,406,0.057126,50
446,421,0,50
446,431,0,50
446,484,0,50
447,10,0,50
447,105,0,50
447,117,0.114336,50
447,153,0,50
447,208,0.095139,50
447,301,0,50
447,302,0,50
447,363,0.077424,50
447,413,0,50
447,509,0,50
448,105,0,50
448,290,0,50
448,353,0,50
448,386,0.132847,50
448,438,0.064484,50
448,72,0,50
448,85,0,50
449,153,0.072348,50
449,245,0.053825,50
449,299,0,50
449,33,0,50
449,45,0.111828,50
449,91,0,50
45,108,0,50
45,109,0,50
45,175,0,50
45,229,0,50
45,257,0.617102,50
45,280,0,50
45,299,0.633931,50
45,484,0,50
45,72,0,50
450,111,0,50
450,155,0,50
450,182,0,50
450,24,0,50
450,250,0,50
450,254,0.094906,50
450,273,0,50
450,308,0,50
450,335,0,50
450,338,0,50
450,346,0,50
450,353,0.053304,50
450,421,0.088733,50
450,470,0,50
450,479,0,50
450,481,0,50
450,87,0.053971,50
451,129,0.12835,50
451,17,0,50
451,203,0.114421,50
451,30,0,50
451,330,0,50
451,353,0,50
451,450,0,50
451,98,0,50
452,107,0,50
452,26,0,50
452,299,0,50
452,354,0,50
452,358,0,50
452,360,0,50
452,401,0,50
452,419,0,50
452,437,0,50
452,53,0.099713,50
453,155,0,50
453,157,0,50
453,223,0,50
453,259,0,50
453,273,0,50
453,277,0.149549,50
453,279,0,50
453,290,0,50
453,308,0,50
453,309,0,50
453,34,0.067666,50
453,353,0,50
453,404,0,50
453,421,0.123324,50
453,463,0,50
453,497,0,50
454,105,0.079861,50
454,120,0,50
454,146,0,50
454,363,0,50
454,419,0,50
454,435,0,50
454,463,0.338927,50
454,489,0.11085,50
454,5,0,50
455,111,0.056342,50
455,115,0,50
455,167,0,50
455,201,0,50
455,216,0,50
455,241,0,50
455,253,0,50
455,448,0,50
455,454,0,50
455,468,0,50
455,486,0,50
455,84,0,50
456,120,0,50
456,122,0,50
456,174,0,50
456,216,0.081083,50
456,22,0,50
456,250,0,50
456,276,0.054042,50
456,281,0,50
456,285,0,50
456,305,0,50
456,306,0,50
456,326,0,50
456,329,0.06331,50
456,344,0,50
456,346,0,50
456,360,0.11622,50
456,389,0,50
456,390,0,50
456,408,0.096,50
456,411,0,50
456,413,0,50
456,431,0,50
456,454,0,50
456,504,0,50
456,508,0.054035,50
458,111,0,50
458,239,0.054406,50
458,319,0,50
458,357,0.145019,50
458,464,0.08064,50
458,497,0,50
458,53,0,50
459,121,0,50
459,143,0.200395,50
459,17,0.053433,50
459,245,0.051301,50
459,449,0.078593,50
459,45,0.213282,50
459,91,0.104709,50
46,105,0.061247,50
46,121,0,50
46,139,0.074983,50
46,153,0,50
46,257,0.104651,50
46,299,0.116727,50
46,37,0.071687,50
460,238,0.067901,50
460,383,0,50
460,415,0,50
460,449,0.099192,50
460,94,0.109913,50
461,108,0.090136,50
461,123,0,50
461,180,0.14564,50
461,252,0,50
461,299,0,50
461,33,0,50
461,464,0,50
461,478,0,50
461,58,0,50
462,111,0,50
462,14,0,50
462,148,0,50
462,155,0,50
462,191,0.071805,50
462,334,0,50
462,35,0,50
462,383,0,50
462,384,0,50
462,390,0.099226,50
462,483,0,50
463,163,0,50
463,234,0,50
463,279,0,50
463,309,0.18263,50
463,386,0.156046,50
463,47,0,50
463,497,0.059936,50
463,87,0,50
464,108,0,50
464,146,0,50
464,173,0,50
464,182,0,50
464,22,0,50
464,229,0,50
464,33,0,50
464,390,0.073671,50
464,53,0,50
465,0,0,50
465,111,0,50
465,116,0,50
465,148,0,50
465,155,0,50
465,250,0,50
465,290,0,50
465,320,0,50
465,344,0,50
465,383,0,50
465,390,0.07288,50
465,450,0,50
465,483,0.17536,50
466,107,0,50
466,121,0,50
466,126,0,50
466,172,0,50
466,230,0.081696,50
466,244,0,50
466,276,0,50
466,301,0,50
466,305,0,50
466,335,0.08451,50
466,353,0,50
466,354,0.079443,50
466,430,0.066095,50
466,438,0,50
466,44,0,50
466,47,0,50
466,506,0.124248,50
466,94,0.086742,50
467,121,0.052392,50
467,122,0,50
467,132,0,50
467,144,0.127779,50
467,185,0,50
467,216,0.07263,50
467,291,0,50
467,301,0,50
467,303,0,50
467,374,0,50
467,438,0,50
467,439,0,50
467,441,0,50
467,78,0,50
468,117,0,50
468,253,0.075197,50
468,32,0,50
468,326,0.180633,50
468,347,0,50
468,386,0,50
468,448,0.087264,50
468,454,0,50
468,455,0.126082,50
468,473,0,50
468,96,0,50
469,180,0,50
469,213,0.095176,50
469,216,0.05299,50
469,360,0.108216,50
469,390,0,50
469,408,0,50
469,41,0.057054,50
469,431,0,50
469,456,0.059741,50
469,500,0.099869,50
469,504,0,50
469,510,0,50
47,172,0,50
47,187,0,50
47,237,0,50
47,24,0,50
47,245,0,50
47,305,0,50
47,335,0,50
47,353,0,50
47,380,0,50
47,44,0.108636,50
47,459,0,50
47,483,0,50
47,84,0,50
470,194,0,50
470,214,0.130588,50
470,24,0.09762,50
470,254,0,50
470,295,0,50
470,335,0,50
470,346,0,50
470,415,0,50
470,421,0,50
470,424,0,50
470,442,0,50
470,451,0,50
470,474,0,50
470,481,0,50
470,486,0,50
470,491,0,50
471,10,0,50
471,108,0.065888,50
471,136,0,50
471,146,0,50
471,178,0,50
471,183,0.186872,50
471,213,0,50
471,287,0,50
471,303,0,50
471,335,0,50
471,422,0,50
471,7,0.061305,50
472,218,0,50
472,312,0.145421,50
472,82,0,50
473,127,0.168585,50
473,156,0.175449,50
473,210,0.061507,50
473,280,0,50
473,285,0,50
473,335,0,50
473,354,0,50
473,471,0,50
473,478,0,50
473,5,0,50
474,10,0,50
474,137,0,50
474,145,0,50
474,187,0,50
474,201,0,50
474,22,0,50
474,347,0,50
474,442,0,50
474,451,0,50
474,478,0,50
474,486,0,50
474,72,0,50
475,155,0,50
475,201,0.059984,50
475,223,0.067529,50
475,291,0,50
475,331,0,50
475,433,0,50
475,441,0,50
475,443,0.061828,50
475,461,0,50
475,490,0.050404,50
475,53,0,50
475,83,0,50
476,215,0,50
476,290,0.051715,50
476,320,0.056363,50
476,322,0,50
476,347,0.086548,50
476,348,0.152121,50
476,353,0.121938,50
476,438,0,50
476,454,0.06047,50
476,486,0.118645,50
476,70,0,50
476,72,0,50
476,78,0,50
477,111,0,50
477,121,0.067562,50
477,161,0,50
477,191,0.324874,50
477,193,0,50
477,22,0,50
477,236,0,50
477,259,0.060714,50
477,285,0,50
477,292,0,50
477,320,0,50
477,345,0.175783,50
477,349,0.149629,50
477,362,0,50
477,377,0,50
478,146,0,50
478,287,0,50
478,451,0,50
479,111,0,50
479,250,0,50
479,305,0,50
479,348,0,50
479,354,0,50
479,390,0.05625,50
479,462,0,50
479,473,0.138737,50
479,478,0,50
48,290,0,50
48,301,0,50
48,308,0,50
48,408,0,50
48,41,0,50
48,445,0,50
48,8,0,50
48,91,0,50
480,136,0,50
480,170,0.159114,50
480,182,0,50
480,185,0,50
480,200,0,50
480,249,0.187885,50
480,290,0,50
480,31,0,50
480,313,0.063585,50
480,335,0,50
480,36,0.081792,50
480,451,0,50
480,71,0,50
480,98,0,50
481,103,0,50
481,107,0,50
481,164,0.149489,50
481,18,0,50
481,195,0,50
481,201,0,50
481,209,0.188028,50
481,235,0,50
481,278,0,50
481,305,0,50
481,316,0,50
481,352,0,50
481,359,0,50
481,370,0.070087,50
481,406,0,50
481,425,0.05165,50
481,70,0,50
481,81,0,50
481,9,0,50
482,108,0,50
482,115,0.064543,50
482,265,0.076661,50
482,301,0,50
482,308,0,50
482,408,0,50
482,41,0,50
482,445,0,50
482,48,0.162636,50
482,8,0.069089,50
483,111,0.398197,50
483,155,0,50
483,230,0.118249,50
483,250,0,50
483,320,0.145137,50
483,321,0,50
483,43,0,50
483,45,0,50
484,167,0,50
484,201,0,50
484,241,0,50
484,254,0,50
484,326,0.14549,50
484,383,0.118301,50
484,414,0,50
484,448,0,50
484,454,0,50
484,455,0.057755,50
484,468,0.207996,50
484,473,0,50
484,71,0.643557,50
485,117,0.120667,50
485,180,0,50
485,197,0.154316,50
485,216,0,50
485,326,0,50
485,353,0,50
485,41,0,50
485,495,0,50
485,58,0,50
486,105,0.052575,50
486,146,0,50
486,195,0,50
486,415,0,50
486,438,0,50
486,72,0.052858,50
486,81,0,50
487,114,0,50
487,216,0,50
487,257,0,50
487,26,0,50
487,260,0.050334,50
487,299,0,50
487,314,0,50
487,33,0.153433,50
487,354,0.396,50
487,455,0,50
487,97,0.13026,50
488,105,0.05567,50
488,125,0,50
488,136,0,50
488,146,0,50
488,167,0,50
488,17,0,50
488,189,0,50
488,230,0,50
488,236,0.133869,50
488,248,0,50
488,357,0,50
488,363,0,50
488,366,0.060395,50
488,431,0,50
488,463,0,50
488,47,0,50
488,70,0,50
489,0,0,50
489,116,0,50
489,122,0,50
489,153,0,50
489,265,0,50
489,290,0,50
489,297,0.130557,50
489,40,0,50
489,413,0,50
489,431,0,50
489,454,0,50
489,467,0,50
49,111,0,50
49,112,0.05651,50
49,345,0,50
49,382,0,50
49,78,0,50
490,130,0,50
490,151,0,50
490,158,0,50
490,185,0,50
490,216,0,50
490,223,0,50
490,36,0,50
490,360,0,50
490,370,0,50
490,372,0,50
490,373,0,50
490,415,0,50
490,441,0,50
490,443,0.078148,50
490,481,0,50
490,78,0,50
491,109,0,50
491,121,0.05359,50
491,153,0,50
491,216,0,50
491,257,0,50
491,26,0.095459,50
491,265,0,50
491,71,0,50
492,105,0,50
492,111,0,50
492,116,0,50
492,148,0,50
492,290,0,50
492,320,0,50
492,326,0,50
492,344,0,50
492,379,0,50
492,465,0,50
494,413,0.135897,50
495,108,0,50
495,117,0,50
495,169,0.068161,50
495,171,0,50
495,195,0.117914,50
495,229,0,50
495,365,0,50
495,486,0.088137,50
495,72,0,50
495,81,0,50
495,84,0,50
496,137,0.057838,50
496,174,0.058066,50
496,254,0.074155,50
496,299,0,50
496,320,0.051391,50
496,329,0,50
496,335,0.056256,50
496,346,0.059625,50
496,454,0,50
496,456,0,50
496,500,0.114782,50
496,504,0.055429,50
496,508,0,50
496,98,0.22217,50
497,438,0.06731,50
498,114,0.08804,50
498,17,0,50
498,257,0,50
498,26,0,50
498,445,0,50
499,105,0,50
499,108,0,50
499,197,0,50
499,216,0,50
499,223,0,50
499,243,0.162375,50
499,244,0.086035,50
499,249,0,50
499,29,0.106024,50
499,327,0.156687,50
499,438,0.117513,50
499,439,0,50
499,442,0.083402,50
499,467,0.080862,50
499,485,0.100488,50
499,95,0,50
5,10,0,50
5,127,0,50
5,136,0,50
5,170,0,50
5,287,0,50
5,320,0,50
5,335,0,50
5,354,0,50
5,434,0,50
5,471,0.111471,50
5,7,0.142954,50
50,177,0,50
50,201,0,50
50,215,0,50
50,275,0,50
50,282,0,50
50,291,0,50
50,369,0.05802,50
50,392,0,50
50,409,0,50
50,86,0,50
500,174,0.057629,50
500,179,0.077213,50
500,216,0.063083,50
500,236,0.051367,50
500,248,0,50
500,320,0.061216,50
500,329,0.064549,50
500,344,0.057874,50
500,346,0,50
500,36,0,50
500,360,0.106461,50
500,390,0,50
500,408,0.067633,50
500,424,0,50
500,431,0,50
500,456,0.086424,50
500,504,0.095217,50
500,508,0.10483,50
500,510,0,50
500,98,0.222305,50
502,107,0,50
502,116,0,50
502,261,0,50
502,285,0.076592,50
502,298,0.060804,50
502,413,0,50
502,97,0,50
503,108,0,50
503,123,0,50
503,180,0,50
503,229,0,50
503,233,0,50
503,359,0,50
503,461,0,50
503,495,0,50
503,72,0,50
504,22,0.050585,50
504,273,0,50
504,276,0.054771,50
504,320,0.080364,50
504,329,0.083025,50
504,332,0.073892,50
504,344,0.065078,50
504,346,0,50
504,360,0.113555,50
504,390,0,50
504,401,0,50
504,408,0,50
504,411,0,50
504,456,0,50
504,474,0.056989,50
504,508,0.055623,50
504,98,0.222641,50
505,143,0,50
505,169,0,50
505,24,0,50
505,254,0,50
505,29,0,50
505,317,0,50
505,330,0.161063,50
505,335,0,50
505,338,0,50
505,346,0,50
505,415,0,50
505,441,0,50
505,450,0,50
505,470,0,50
505,478,0,50
505,481,0,50
506,126,0,50
506,172,0.072364,50
506,230,0.105738,50
506,237,0,50
506,24,0.070056,50
506,244,0,50
506,276,0,50
506,305,0,50
506,335,0.067049,50
506,353,0,50
506,354,0,50
506,430,0.102436,50
506,44,0,50
506,47,0,50
506,478,0,50
506,94,0.123336,50
507,155,0,50
507,201,0.05909,50
507,223,0.065976,50
507,291,0,50
507,331,0.085119,50
507,433,0.119057,50
507,441,0,50
507,443,0.059535,50
507,461,0,50
507,475,0.131616,50
507,490,0,50
507,53,0,50
507,83,0.078178,50
507,91,0,50
508,123,0,50
508,136,0,50
508,174,0.141462,50
508,179,0,50
508,189,0.168926,50
508,22,0,50
508,236,0.220494,50
508,248,0.051565,50
508,313,0,50
508,36,0.189165,50
508,390,0,50
508,424,0,50
508,434,0,50
508,480,0,50
508,5,0,50
508,58,0,50
508,71,0,50
508,72,0,50
508,98,0.193174,50
509,10,0,50
509,116,0,50
509,148,0,50
509,153,0,50
509,290,0.086924,50
509,320,0,50
509,326,0,50
509,33,0,50
509,344,0,50
509,465,0.071631,50
509,483,0,50
509,492,0.066132,50
510,19,0,50
510,198,0,50
510,201,0,50
510,24,0,50
510,268,0,50
510,353,0,50
510,370,0,50
510,374,0,50
510,383,0,50
510,388,0,50
510,441,0,50
510,452,0,50
510,49,0,50
510,9,0,50
511,141,0,50
511,159,0.111856,50
511,169,0,50
511,263,0,50
511,452,0,50
511,47,0,50
511,474,0,50
511,82,0,50
511,93,0.156854,50
52,103,0,50
52,124,0.092478,50
52,215,0.050843,50
52,243,0,50
52,248,0.121027,50
52,254,0,50
52,256,0,50
52,316,0.062067,50
52,320,0.085,50
52,359,0,50
52,363,0,50
52,375,0,50
52,378,0,50
52,60,0,50
52,70,0.052454,50
52,72,0.107801,50
53,10,0,50
53,108,0,50
53,146,0,50
53,22,0,50
53,229,0,50
53,257,0,50
53,299,0.615442,50
53,374,0,50
53,45,0.166025,50
53,47,0,50
53,484,0,50
55,115,0,50
55,146,0,50
55,173,0,50
55,229,0.089008,50
55,235,0.081396,50
55,280,0,50
55,317,0.753628,50
55,347,0,50
55,359,0,50
55,435,0,50
55,438,0.051357,50
55,439,0,50
55,473,0,50
55,491,0,50
56,112,0,50
56,121,0,50
56,138,0,50
56,145,0,50
56,162,0,50
56,187,0.071665,50
56,189,0.059378,50
56,26,0,50
56,303,0,50
56,353,0,50
56,360,0,50
56,363,0,50
56,371,0.089783,50
58,101,0,50
58,105,0.071498,50
58,117,0,50
58,147,0,50
58,173,0,50
58,175,0,50
58,234,0.094568,50
58,250,0,50
58,266,0.560334,50
58,276,0,50
58,292,0,50
58,434,0,50
58,452,0,50
58,71,0,50
59,284,0,50
59,43,0,50
59,436,0.066087,50
59,84,0,50
6,105,0.09938,50
6,109,0.075262,50
6,11,0.050952,50
6,121,0.086956,50
6,123,0,50
6,189,0.109268,50
6,287,0.061783,50
6,380,0,50
6,74,0.052696,50
6,77,0,50
60,105,0,50
60,116,0.742146,50
60,121,0.051377,50
60,207,0.408866,50
60,216,0.068861,50
60,243,0,50
60,260,0,50
60,305,0,50
60,354,0,50
60,358,0,50
60,374,0,50
60,379,0,50
60,382,0,50
60,415,0,50
60,489,0,50
60,78,0,50
61,105,0,50
61,109,0,50
61,257,0.125455,50
61,317,0.121375,50
61,353,0,50
61,77,0.054073,50
62,0,0,50
62,17,0.056118,50
62,236,0,50
62,33,0,50
62,368,0,50
62,372,0,50
62,380,0,50
62,415,0,50
62,64,0,50
64,130,0.190176,50
64,162,0.080098,50
64,185,0,50
64,253,0,50
64,342,0,50
64,36,0,50
64,360,0,50
64,78,0,50
65,111,0.053987,50
65,452,0,50
65,473,0,50
65,5,0,50
65,84,0,50
66,216,0,50
66,231,0,50
66,242,0,50
66,373,0.072181,50
66,375,0,50
66,390,0,50
66,449,0,50
66,455,0.050994,50
67,111,0.053684,50
67,115,0,50
67,119,0.059501,50
67,180,0,50
67,229,0,50
67,263,0,50
67,285,0,50
67,307,0,50
67,359,0,50
67,387,0.131304,50
67,455,0,50
67,84,0,50
7,146,0,50
7,168,0,50
7,183,0,50
7,243,0,50
7,320,0,50
7,335,0,50
7,354,0,50
7,471,0,50
70,214,0.069291,50
70,320,0.13743,50
70,82,1.88643,50
71,141,0.146537,50
71,173,0.114937,50
71,230,0.104901,50
71,233,0,50
71,241,0,50
71,265,0,50
71,380,0,50
71,473,0.154611,50
71,58,0,50
71,62,0,50
72,120,0.097903,50
72,136,0,50
72,320,0.131788,50
72,363,0,50
72,406,0,50
72,484,0,50
72,70,0.063825,50
72,82,0,50
73,18,0.065581,50
73,182,0,50
73,185,0,50
73,198,0.065486,50
73,209,0.123632,50
73,214,0,50
73,220,0.054949,50
73,223,0,50
73,224,0.090812,50
73,242,0,50
73,480,0,50
74,105,0,50
74,109,0,50
74,11,0.085169,50
74,121,0,50
74,123,0,50
74,138,0,50
74,353,0.273734,50
74,380,0.050836,50
74,489,0.111085,50
74,77,1.83511,50
75,10,0,50
75,12,1.31004,50
75,281,0.083079,50
75,305,0,50
75,320,0,50
75,392,0.317151,50
75,452,0,50
75,65,0,50
75,85,0,50
76,215,0.135284,50
76,436,0.087756,50
76,80,0,50
77,109,0.083471,50
77,123,0,50
77,187,0,50
77,344,0,50
77,353,0,50
78,121,0.052395,50
78,122,0,50
78,185,0,50
78,216,0.072754,50
78,291,0,50
78,358,0,50
78,36,0,50
78,374,0,50
78,379,0,50
78,415,0,50
78,435,0,50
78,467,0,50
78,64,0,50
79,145,0,50
79,180,0,50
79,187,0,50
79,216,0,50
79,22,0,50
79,223,0,50
79,229,0,50
79,287,0,50
79,303,0,50
79,328,0.054573,50
79,347,0,50
79,360,0,50
79,369,0,50
79,415,0,50
79,474,0,50
79,95,0,50
8,108,0,50
8,111,0,50
8,308,0,50
8,32,0,50
8,320,0,50
8,335,0,50
8,402,0.138884,50
8,449,0,50
8,47,0,50
8,483,0.172178,50
80,107,0,50
80,111,0,50
80,155,0,50
80,180,0.052779,50
80,250,0,50
80,254,0,50
80,287,0,50
80,305,0,50
80,320,0,50
80,353,0,50
80,383,0,50
80,390,0.070921,50
80,415,0,50
80,450,0.085936,50
80,465,0.21751,50
80,483,0,50
81,144,0,50
81,185,0,50
81,192,0.173931,50
81,198,0,50
81,201,0,50
81,221,0,50
81,225,0,50
81,31,0,50
81,316,0,50
81,320,0,50
81,345,0.104587,50
81,347,0,50
81,374,0,50
81,406,0,50
81,454,0.061116,50
81,510,0.061341,50
81,60,0,50
81,70,0,50
82,10,0.196091,50
82,169,0,50
82,17,0,50
82,208,0,50
82,248,0,50
82,301,0,50
82,359,0,50
82,474,0,50
82,83,0.092649,50
83,0,0,50
83,10,0.215844,50
83,153,0.054093,50
83,155,0,50
83,169,0,50
83,17,0,50
83,208,0,50
83,248,0,50
83,301,0,50
83,449,0,50
83,459,0.412008,50
83,474,0.111894,50
83,478,0,50
83,53,0,50
84,105,0,50
84,108,0,50
84,195,0,50
84,290,0,50
84,353,0,50
84,438,0.063928,50
84,448,0.117441,50
84,486,0,50
84,72,0,50
84,81,0,50
85,10,0,50
85,17,0,50
85,221,0.079855,50
85,229,0,50
85,26,0,50
85,281,0,50
85,347,0,50
85,385,0,50
85,5,0,50
85,75,0,50
85,89,0.067516,50
85,97,0,50
86,201,0,50
86,215,0,50
86,238,0,50
86,275,0.134018,50
86,282,0.068085,50
86,291,0.102714,50
86,380,0,50
86,392,0,50
86,474,0,50
87,19,0.071963,50
87,234,0.071225,50
87,305,0,50
87,34,0,50
87,354,0,50
87,358,0,50
87,372,1.63324,50
87,386,0.246728,50
87,405,0,50
87,45,0,50
87,47,0,50
87,60,0.999912,50
88,123,0,50
88,229,0.05849,50
88,317,0.4409,50
88,32,0,50
88,375,0,50
88,438,0,50
88,473,0,50
88,55,0.062398,50
89,10,0,50
89,105,0,50
89,109,0,50
89,260,0,50
89,281,0.330159,50
89,320,0,50
89,392,0.245464,50
89,452,0,50
89,5,0,50
89,65,0,50
89,75,0,50
89,85,0.164956,50
89,97,0,50
9,107,0,50
9,116,0,50
9,195,0,50
9,201,0,50
9,235,0,50
9,268,0.052883,50
9,305,0,50
9,316,0,50
9,359,0,50
9,370,0,50
9,406,0,50
9,510,0,50
9,70,0,50
90,109,0,50
90,265,0,50
90,335,0,50
90,358,0,50
90,405,0,50
90,406,0.098197,50
90,437,0,50
90,45,0,50
90,53,0,50
90,84,0,50
91,111,0,50
91,155,0.437814,50
91,250,0,50
91,305,0,50
91,430,0,50
91,45,0,50
91,478,0,50
91,479,0.066414,50
93,141,0.077357,50
93,159,0,50
93,25,0.117703,50
93,263,1.89661,50
93,473,0,50
93,82,0,50
94,126,0.086955,50
94,230,0.052878,50
94,237,0,50
94,24,0,50
94,276,0,50
94,294,0,50
94,353,0,50
94,363,0,50
94,430,0,50
94,454,0,50
94,47,0,50
94,70,0,50
95,10,0,50
95,108,0.212479,50
95,216,0.078425,50
95,223,0,50
95,303,0,50
95,315,0,50
95,317,0,50
95,353,0,50
95,360,0,50
95,390,0,50
95,41,0,50
95,431,0.074516,50
95,437,0,50
95,473,0,50
95,58,0,50
96,202,0.121429,50
96,216,0,50
96,32,0.06245,50
96,347,0,50
96,360,0,50
96,386,0,50
96,454,0,50
96,481,0,50
97,105,0.054189,50
97,114,0.184142,50
97,121,0.053348,50
97,153,0,50
97,216,0,50
97,229,0,50
97,26,0.093096,50
97,260,0,50
97,265,0,50
97,33,0.170173,50
97,354,0.288246,50
97,388,0,50
97,491,0,50
97,71,0,50
98,121,0,50
98,144,0,50
98,186,0.39101,50
98,203,0,50
98,24,0,50
98,30,0,50
98,330,0,50
98,391,0.05207,50
98,450,0,50
98,461,0,50
98,82,0,50
99,167,0,50
99,230,0,50
99,234,0,50
99,305,0,50
99,354,0,50
99,372,0,50
99,45,0,50
99,47,0,50
99,60,0.976725,50
99,87,0.084559,50
