Source Node,Target Node,Edge Rate,target,link_prediction
0,148,0.0,0,0.015761888
0,153,0.0,0,0.07315765
0,207,0.0,0,0.045110166
0,256,0.205929,1,0.07339473
0,278,0.0,0,0.045110166
0,290,0.085759,0,0.015417369
0,40,0.050014,0,0.045137737
0,452,0.0,0,0.052186087
0,60,0.112511,0,0.06942236
0,72,0.0,0,0.049158126
0,78,0.0,0,0.01199116
1,108,0.0,0,0.045110166
1,111,0.0,0,0.06704388
1,223,0.0,0,0.02415669
1,230,0.0,0,0.045110166
1,32,0.115038,0,0.03167175
1,335,0.0,0,0.045110166
1,383,0.0,0,0.05706857
1,388,0.0,0,0.07323723
1,483,0.0,0,0.020698074
1,8,0.144331,0,0.045255885
1,87,0.0,0,0.045110166
10,191,0.0,0,0.008787703
10,22,0.0,0,0.012072271
10,281,0.09729,0,0.016217457
10,320,0.0,0,0.045110166
10,392,0.141554,0,0.010974944
10,452,0.0,0,0.045110166
10,75,0.064561,0,0.045155942
101,103,0.082587,0,0.021538926
101,109,0.057537,0,0.04514715
101,117,0.080019,0,0.03896251
101,173,0.0,0,0.005452087
101,229,0.0,0,0.0070931567
101,289,0.0,0,0.045192707
101,292,0.0,0,0.078175016
101,58,0.0,0,0.036144137
102,380,0.0,0,0.045110166
103,195,0.109333,0,0.045212008
103,256,0.078831,0,0.0451738
103,292,0.15931,0,0.040819347
103,316,0.0,0,0.03086927
103,370,0.0,0,0.020748893
103,41,0.0,0,0.05191677
103,81,0.0,0,0.09040088
104,105,0.210419,1,0.009648245
104,121,0.094173,0,0.045193013
104,377,0.05844,0,0.040492967
105,121,0.071552,0,0.045164693
105,281,0.050555,0,0.04513842
107,195,0.0,0,0.045139324
107,235,0.0,0,0.045110166
107,305,0.160177,0,0.04527577
107,316,0.0,0,0.004461763
107,415,0.0,0,0.045110166
107,481,0.0,0,0.03140726
108,167,0.0,0,0.045110166
108,252,0.117251,0,0.045221936
108,254,0.054528,0,0.015070724
108,305,0.0,0,0.045110166
108,353,0.0,0,0.014951081
108,354,0.0,0,0.045110166
108,473,0.0,0,0.033950064
109,105,0.0,0,0.045110166
109,108,0.0,0,0.045110166
109,136,0.0,0,0.026772935
109,138,0.0,0,0.045110166
109,195,0.0,0,0.045110166
109,281,0.0,0,0.045110166
109,320,0.0,0,0.045110166
109,344,0.0,0,0.016034314
109,353,0.124716,0,0.007905107
109,89,0.0,0,0.0028322092
111,108,0.0,0,0.045110166
111,203,0.200617,1,0.05565494
111,292,0.0,0,0.091707736
111,497,0.0,0,0.045110166
112,111,0.07225,0,0.024359966
112,121,0.056906,0,0.024024019
112,145,0.062474,0,0.047093667
112,191,0.0,0,0.045110166
112,22,0.0,0,0.014092231
112,26,0.052162,0,0.045140423
112,292,0.0,0,0.045110166
112,362,0.051991,0,0.021934604
112,434,0.0,0,0.09499186
112,477,0.065028,0,0.053973
114,121,0.0,0,0.0080108605
114,153,0.0,0,0.045132995
114,260,0.180449,0,0.05341155
114,314,0.082082,0,0.053075783
114,354,0.0,0,0.049276154
114,388,0.061254,0,0.045151796
114,491,0.0,0,0.045110166
115,170,0.051709,0,0.045139857
115,244,0.058479,0,0.046828173
115,265,0.0,0,0.05019264
115,380,0.051695,0,0.020110888
115,40,0.0,0,0.045110166
115,43,0.054934,0,0.039734665
116,122,0.121815,0,0.045227658
116,144,0.0,0,0.09769543
116,184,0.0,0,0.06328617
116,243,0.060284,0,0.027096687
116,291,0.0,0,0.045110166
116,379,0.08903,0,0.0074383575
116,423,0.065032,0,0.045156527
116,435,0.170679,0,0.03427309
116,78,0.080458,0,0.00076822744
117,10,0.0,0,0.00797093
117,105,0.0,0,0.045110166
117,109,0.235278,1,0.007539788
117,153,0.0,0,0.023852654
117,17,0.0,0,0.045110166
117,195,0.0,0,0.072334774
117,229,0.0,0,0.03141287
117,260,0.0,0,0.018356327
117,281,0.0,0,0.012555073
117,320,0.0,0,0.045110166
117,33,0.123747,0,0.045230065
117,85,0.0,0,0.014982181
117,89,0.184742,0,0.0037177433
12,65,0.0,0,0.015376903
120,255,0.13466,0,0.025553493
120,320,0.0,0,0.023924325
120,363,0.286416,1,0.01571207
120,406,0.099472,0,0.009496786
120,421,0.0,0,0.091230996
120,484,0.0,0,0.045110166
121,17,0.0,0,0.07164946
121,377,0.086314,0,0.04518318
121,480,0.085208,0,0.021548731
122,121,0.0,0,0.07856243
122,147,0.071772,0,0.07775283
122,173,0.0,0,0.10258455
122,250,0.104726,0,0.04520625
122,415,0.0,0,0.00856269
122,434,0.0,0,0.031997956
122,71,0.0,0,0.075004876
122,72,0.0,0,0.045110166
123,169,0.054703,0,0.029056884
123,359,0.07317,0,0.108646914
123,495,0.071811,0,0.045165017
124,316,0.106315,0,0.064669766
125,153,0.0,0,0.08763492
125,265,0.0,0,0.0071466756
125,297,0.120541,0,0.017924957
125,384,0.060475,0,0.056698773
125,40,0.0,0,0.026382677
125,413,0.052669,0,0.09044432
125,467,0.0,0,0.045110166
125,489,0.0,0,0.0757653
126,280,0.0,0,0.045110166
126,294,0.211929,1,0.008832978
126,300,0.148122,0,0.045126747
126,309,0.0,0,0.008446545
126,363,0.0,0,0.078252025
126,438,0.0,0,0.008956105
126,454,0.0,0,0.045110166
126,484,0.0,0,0.045110166
126,486,0.0886,0,0.04518604
126,72,0.0,0,0.059167754
127,156,0.110983,0,0.04521407
127,210,0.117963,0,0.030396855
127,280,0.0,0,0.063790984
127,287,0.0,0,0.045110166
127,335,0.0,0,0.041983973
127,354,0.155272,0,0.016147425
127,363,0.0,0,0.045110166
127,471,0.0,0,0.014823583
13,155,0.0,0,0.023840318
13,200,0.051549,0,0.07916452
13,321,0.0,0,0.029069511
131,171,0.080446,0,0.0063163065
131,418,0.0,0,0.021124965
131,419,0.053334,0,0.10712321
131,454,0.0,0,0.045110166
133,109,0.072908,0,0.04516639
133,344,0.0,0,0.040291186
133,353,0.0,0,0.021611763
133,358,0.0,0,0.016962523
133,77,0.163121,0,0.029180076
134,120,0.0,0,0.009619696
134,131,0.068287,0,0.07080889
134,154,0.063105,0,0.029461896
134,196,0.123152,0,0.045229334
134,237,0.0,0,0.027299322
134,306,0.13937,0,0.00897125
134,321,0.0,0,0.045110166
134,326,0.078365,0,0.02319095
134,419,0.0,0,0.045110166
134,435,0.0,0,0.044445634
134,454,0.0,0,0.10663537
134,58,0.0,0,0.016613312
136,109,0.0,0,0.07131242
136,138,0.23196,1,0.0036291783
136,170,0.069496,0,0.06135844
136,335,0.0,0,0.03369301
136,434,0.053312,0,0.06706916
136,5,0.059587,0,0.04514972
137,216,0.06796,0,0.053115327
137,281,0.061854,0,0.011208588
137,36,0.084674,0,0.045110278
138,170,0.170264,0,0.09753519
138,182,0.088142,0,0.045185465
138,214,0.0,0,0.045110166
138,287,0.0,0,0.045110166
138,335,0.0,0,0.1012731
138,434,0.179389,0,0.027323123
138,5,0.107422,0,0.05713323
140,117,0.0,0,0.0077395984
140,15,0.088931,0,0.045186438
140,157,0.0,0,0.045110166
140,181,0.052972,0,0.024480587
140,221,0.0,0,0.051962983
140,236,0.08181,0,0.05815259
140,280,0.0,0,0.0029164087
140,286,0.059594,0,0.022138575
140,287,0.0,0,0.020747269
140,29,0.0,0,0.045110166
140,298,0.0,0,0.03861227
140,301,0.070379,0,0.016333017
140,365,0.063885,0,0.04515509
140,383,0.069804,0,0.002867411
140,389,0.053727,0,0.012985131
140,431,0.0,0,0.045110166
140,484,0.088455,0,0.045185857
140,495,0.054967,0,0.045143936
140,95,0.0,0,0.045110166
141,0,0.0,0,0.003058128
141,115,0.0,0,0.006051582
141,173,0.167116,0,0.04528448
141,230,0.0,0,0.045110166
141,233,0.07208,0,0.067186765
141,241,0.0,0,0.041562792
141,265,0.0,0,0.023963435
141,312,0.072699,0,0.030781595
141,380,0.0,0,0.008635923
141,473,0.0,0,0.03250467
143,121,0.05899,0,0.045148965
143,245,0.0,0,0.0973795
143,377,0.0,0,0.05662119
143,459,0.088852,0,0.048918884
143,91,0.054998,0,0.016420845
144,167,0.055102,0,0.02097498
144,374,0.0,0,0.04226321
144,439,0.086223,0,0.045183055
144,441,0.079336,0,0.045174427
145,157,0.075776,0,0.0058534862
145,187,0.123963,0,0.028297864
145,209,0.180092,0,0.007067709
145,473,0.0,0,0.045110166
146,10,0.0,0,0.03542878
146,108,0.0,0,0.060010105
146,145,0.0,0,0.012023535
146,149,0.0,0,0.038495276
146,180,0.0,0,0.062138543
146,187,0.0,0,0.033375952
146,213,0.0,0,0.045110166
146,216,0.063841,0,0.031884633
146,223,0.0,0,0.03469269
146,238,0.119372,0,0.010266267
146,282,0.183525,0,0.04530508
146,287,0.0,0,0.092081666
146,301,0.059977,0,0.10046547
146,303,0.0,0,0.008789484
146,328,0.0,0,0.07671017
146,335,0.0,0,0.020747269
146,380,0.0,0,0.016021876
146,414,0.10567,0,0.045207422
146,422,0.05245,0,0.04514078
146,474,0.0,0,0.045110166
146,478,0.0,0,0.027299322
146,79,0.068019,0,0.031585824
147,237,0.0,0,0.045110166
147,276,0.0,0,0.039892524
147,390,0.0,0,0.024956835
147,434,0.197155,0,0.050218936
147,71,0.0,0,0.05654845
147,72,0.0,0,0.041629724
148,0,0.120385,0,0.011119454
148,116,0.0,0,0.013751915
148,173,0.0,0,0.038902078
148,229,0.0,0,0.026842374
148,24,0.0,0,0.044710036
148,256,0.062562,0,0.012332266
148,278,0.0,0,0.046340447
148,36,0.205329,1,0.0074626245
148,474,0.0,0,0.045110166
148,60,0.0,0,0.025845494
148,78,0.0,0,0.02756285
149,145,0.0,0,0.017089754
149,187,0.0,0,0.029197114
149,213,0.0,0,0.045110166
149,216,0.056209,0,0.029976424
149,23,0.075491,0,0.08017129
149,281,0.0,0,0.045110166
149,282,0.052475,0,0.07324267
149,287,0.055411,0,0.0085381325
149,414,0.059116,0,0.016391713
149,474,0.054508,0,0.018523738
149,50,0.054162,0,0.014660844
15,140,0.0,0,0.039871585
15,157,0.0,0,0.021136593
15,210,0.0,0,0.045110166
15,221,0.090591,0,0.007128782
15,287,0.0,0,0.019624326
15,301,0.0,0,0.047664404
15,353,0.127799,0,0.064646356
15,389,0.163451,0,0.024830591
15,421,0.0,0,0.045110166
15,95,0.0,0,0.045110166
151,134,0.257345,1,0.026565751
151,196,0.085966,0,0.030052036
151,237,0.0,0,0.07312764
151,306,0.147529,0,0.07449727
151,321,0.0,0,0.005079772
151,326,0.172628,0,0.010682413
151,390,0.097568,0,0.045197263
151,419,0.0,0,0.045110166
151,435,0.0,0,0.0011752241
151,454,0.0,0,0.0123526575
151,58,0.0,0,0.03000596
151,71,0.0,0,0.045110166
151,84,0.0,0,0.045110166
153,0,0.0,0,0.045110166
153,116,0.0,0,0.016000886
153,121,0.0,0,0.0066064084
153,122,0.0,0,0.06882575
153,148,0.16704,0,0.007806122
153,384,0.0,0,0.015997726
153,481,0.0,0,0.045110166
153,491,0.073787,0,0.047657065
153,78,0.0,0,0.07172249
153,97,0.069074,0,0.027301855
154,131,0.0,0,0.00051703834
155,223,0.0,0,0.045110166
155,250,0.0,0,0.045110166
155,305,0.0,0,0.04978421
155,380,0.0,0,0.045110166
155,40,0.0,0,0.027448585
155,408,0.116618,0,0.04522115
155,416,0.0,0,0.045110166
155,479,0.109715,0,0.045212492
155,72,0.0,0,0.008588185
156,127,0.0,0,0.052236877
156,136,0.223424,1,0.009475388
156,210,0.10393,0,0.006852248
156,280,0.0,0,0.019890448
156,335,0.0,0,0.05916843
156,354,0.0,0,0.045110166
156,471,0.075124,0,0.045169163
156,5,0.235348,1,0.044573426
156,7,0.052311,0,0.0020711215
157,156,0.054542,0,0.00091483945
157,187,0.0,0,0.045110166
157,210,0.0,0,0.045110166
157,285,0.063786,0,0.045154963
157,335,0.0,0,0.02240973
157,353,0.0,0,0.04968122
157,354,0.0,0,0.0076443795
157,473,0.212063,1,0.045340918
157,5,0.0,0,0.02024086
158,187,0.105399,0,0.010828935
158,335,0.0,0,0.045110166
158,386,0.0,0,0.059317604
158,443,0.152702,0,0.074428655
158,450,0.0,0,0.045110166
161,102,0.0,0,0.07915404
161,145,0.0,0,0.051787414
161,163,0.0,0,0.01364218
161,224,0.065214,0,0.013658962
161,250,0.0,0,0.01952383
161,453,0.0,0,0.045110166
161,479,0.0,0,0.013854192
161,483,0.0,0,0.029980743
163,102,0.0,0,0.045110166
163,13,0.0,0,0.035619438
163,307,0.0,0,0.05576918
163,387,0.0,0,0.023889437
163,408,0.0,0,0.004936788
163,479,0.0,0,0.045110166
164,195,0.0,0,0.025345001
164,201,0.0,0,0.025085695
164,209,0.062447,0,0.021618707
164,235,0.058532,0,0.09624204
164,316,0.0,0,0.011241056
164,352,0.055463,0,0.07442398
164,370,0.055661,0,0.02063022
164,406,0.0,0,0.0066245114
164,425,0.054252,0,0.0027706993
164,81,0.0,0,0.045110166
164,9,0.086989,0,0.06379162
166,124,0.0,0,0.009938681
166,125,0.0,0,0.056157567
166,136,0.053188,0,0.045141704
166,170,0.0,0,0.06000356
166,181,0.0,0,0.045110166
166,189,0.059089,0,0.045149095
166,230,0.0,0,0.045110166
166,298,0.0,0,0.045110166
166,431,0.0,0,0.07260973
166,454,0.0,0,0.06392405
166,484,0.0,0,0.045110166
166,5,0.0,0,0.049679447
167,140,0.09378,0,0.033404488
167,15,0.113288,0,0.0069593554
167,254,0.0,0,0.045110166
167,286,0.076351,0,0.016715603
167,29,0.070826,0,0.045163784
167,301,0.0,0,0.045110166
167,326,0.0,0,0.05020594
167,383,0.0,0,0.045110166
167,389,0.085198,0,0.0047629466
167,414,0.176885,0,0.0501779
167,421,0.0,0,0.006635927
167,484,0.0,0,0.04831995
169,108,0.0,0,0.045110166
169,117,0.052186,0,0.06361133
169,171,0.120119,0,0.015963878
169,173,0.0,0,0.045110166
169,189,0.107903,0,0.008267921
169,195,0.0,0,0.061191116
169,229,0.084277,0,0.094976634
169,360,0.0,0,0.012640158
169,365,0.064576,0,0.04369928
169,45,0.103778,0,0.045205057
169,486,0.097126,0,0.04519672
169,72,0.0,0,0.045110166
17,107,0.108256,0,0.06395329
17,313,0.0,0,0.091801055
17,335,0.0,0,0.015738454
17,370,0.153398,0,0.04526727
17,415,0.0,0,0.045110166
17,445,0.06219,0,0.008309662
170,173,0.0,0,0.022445552
170,182,0.258739,1,0.045399603
170,214,0.0,0,0.036237214
170,283,0.061422,0,0.0034681056
170,313,0.0,0,0.019822685
170,380,0.0,0,0.045110166
170,478,0.0,0,0.059441656
170,62,0.0,0,0.021969575
170,71,0.108798,0,0.02730951
171,108,0.0,0,0.045110166
171,120,0.058295,0,0.069782935
171,173,0.213907,1,0.04534324
171,233,0.051157,0,0.09041649
171,250,0.0,0,0.035686444
171,280,0.0,0,0.023923935
171,419,0.0,0,0.015531124
171,435,0.0,0,0.057418212
172,108,0.0,0,0.010667678
172,19,0.0,0,0.055833884
172,237,0.0,0,0.003957918
172,335,0.0,0,0.036332715
172,354,0.0,0,0.020322392
172,380,0.0,0,0.045110166
172,45,0.056805,0,0.045146227
172,47,0.08765,0,0.018230971
172,84,0.0,0,0.045110166
172,87,0.066601,0,0.035132106
172,99,0.094311,0,0.047643162
173,0,0.0,0,0.029599767
173,10,0.0,0,0.06678058
173,108,0.0,0,0.03991678
173,230,0.0,0,0.045110166
173,233,0.36656,1,0.029718155
173,235,0.0,0,0.087451726
173,241,0.0,0,0.045110166
173,257,0.0,0,0.046993077
173,280,0.0,0,0.046917934
173,320,0.0,0,0.045110166
173,321,0.117143,0,0.0031685506
173,45,0.0,0,0.0032619224
173,473,0.186863,0,0.045309264
173,483,0.090824,0,0.045188818
174,136,0.0,0,0.020244123
174,179,0.06602,0,0.0052522677
174,216,0.057346,0,0.046485756
174,22,0.052671,0,0.030248173
174,248,0.101353,0,0.07241222
174,36,0.0,0,0.045110166
174,390,0.0,0,0.011331893
174,424,0.060723,0,0.003642711
174,434,0.0,0,0.009278414
174,480,0.0,0,0.012769414
174,491,0.0,0,0.02734566
174,5,0.0,0,0.045110166
174,71,0.0,0,0.02153023
175,153,0.0,0,0.045110166
175,173,0.084424,0,0.01744787
175,235,0.105609,0,0.053996135
175,257,0.0,0,0.045110166
175,280,0.0,0,0.045110166
175,286,0.248677,1,0.012528917
175,3,0.0,0,0.045110166
175,321,0.0,0,0.030595277
175,33,0.095915,0,0.045195196
175,473,0.0,0,0.045110166
178,10,0.0,0,0.013659771
178,146,0.0,0,0.045110166
178,478,0.220403,1,0.027331034
178,71,0.0,0,0.06390414
179,224,0.097919,0,0.024941308
179,249,0.050785,0,0.045159116
179,290,0.0,0,0.045110166
179,295,0.104142,0,0.045205507
179,335,0.0,0,0.008936632
179,442,0.096123,0,0.036650445
179,486,0.0,0,0.044282503
18,103,0.054738,0,0.04514365
18,182,0.0,0,0.045110166
18,195,0.0,0,0.045110166
18,201,0.0,0,0.045110166
18,220,0.125553,0,0.04523234
18,223,0.0,0,0.045110166
18,224,0.0,0,0.045110166
18,242,0.086084,0,0.045182884
18,283,0.0,0,0.045110166
18,31,0.158618,0,0.045273814
18,316,0.0,0,0.045110166
18,330,0.0,0,0.045110166
18,370,0.0,0,0.045110166
18,81,0.0,0,0.045110166
180,108,0.096326,0,0.04519571
180,146,0.0,0,0.045110166
180,187,0.0,0,0.045110166
180,464,0.199712,0,0.0453254
180,53,0.0,0,0.045110166
181,114,0.055334,0,0.045144387
181,124,0.0,0,0.045110166
181,125,0.0,0,0.045110166
181,136,0.0,0,0.045110166
181,189,0.054836,0,0.04514376
181,298,0.0,0,0.045110166
181,74,0.066669,0,0.045158584
181,89,0.053492,0,0.045142088
182,178,0.09854,0,0.04519849
182,214,0.120555,0,0.045226075
182,283,0.179212,0,0.045299653
182,368,0.115686,0,0.045219976
182,380,0.0,0,0.045110166
182,478,0.0,0,0.045110166
182,62,0.050174,0,0.045137934
182,71,0.198432,0,0.04532379
183,10,0.0,0,0.045110166
183,108,0.0,0,0.045110166
183,146,0.060195,0,0.045150485
183,178,0.16068,0,0.0452764
183,213,0.139886,0,0.04525031
183,229,0.0,0,0.045110166
183,282,0.059104,0,0.045149107
183,287,0.0,0,0.045110166
183,303,0.0,0,0.045110166
183,335,0.0,0,0.045110166
183,422,0.146644,0,0.0452588
183,478,0.071735,0,0.045164917
184,243,0.0,0,0.045110166
184,62,0.13339,0,0.045242175
186,126,0.083458,0,0.04517959
186,217,0.100912,0,0.04520146
186,218,0.119151,0,0.04522432
186,70,0.058106,0,0.045147862
187,169,0.0,0,0.045110166
187,220,0.053164,0,0.045141675
187,24,0.0,0,0.045110166
187,335,0.0,0,0.045110166
187,424,0.0,0,0.045110166
187,45,0.0,0,0.045110166
187,450,0.0,0,0.045110166
189,108,0.0,0,0.045110166
189,109,0.0,0,0.045110166
189,136,0.09316,0,0.04519175
189,138,0.0,0,0.045110166
189,286,0.055826,0,0.045145005
189,354,0.078033,0,0.045172807
189,388,0.058236,0,0.045148026
189,484,0.0,0,0.045110166
189,491,0.069846,0,0.04516255
189,70,0.060687,0,0.04515109
189,74,0.0,0,0.045110166
189,89,0.071874,0,0.04516509
189,97,0.051404,0,0.045139465
19,109,0.0,0,0.045110166
19,230,0.0,0,0.045110166
19,265,0.0,0,0.045110166
19,312,0.082958,0,0.045178965
19,335,0.0,0,0.045110166
19,405,0.146702,0,0.045258865
19,406,0.229651,1,0.045363028
19,45,0.0,0,0.045110166
19,47,0.0,0,0.045110166
19,53,0.057912,0,0.045147624
19,90,0.192437,0,0.04531627
190,126,0.08004,0,0.04517531
190,186,0.172861,0,0.0452917
190,217,0.097494,0,0.04519717
190,218,0.116222,0,0.045220636
190,347,0.0,0,0.045110166
190,424,0.0,0,0.045110166
190,434,0.0,0,0.045110166
190,70,0.054444,0,0.04514328
190,87,0.0,0,0.045110166
191,148,0.0,0,0.045110166
191,193,0.068521,0,0.045160897
191,22,0.057774,0,0.045147438
191,224,0.052008,0,0.045140225
191,259,0.0,0,0.045110166
191,34,0.054824,0,0.04514375
191,349,0.050208,0,0.045137975
191,35,0.0,0,0.045110166
191,434,0.0,0,0.045110166
191,483,0.059401,0,0.045149475
191,58,0.0,0,0.045110166
192,268,0.062638,0,0.045153525
193,111,0.0,0,0.045110166
193,122,0.053298,0,0.04514185
193,13,0.0,0,0.045110166
193,161,0.05132,0,0.04513936
193,163,0.0,0,0.045110166
193,224,0.062618,0,0.045153506
193,483,0.0,0,0.045110166
194,237,0.0,0,0.045110166
194,415,0.06163,0,0.045152273
194,416,0.0,0,0.045110166
194,486,0.20717,1,0.045334768
194,71,0.0,0,0.045110166
195,105,0.0,0,0.045110166
195,108,0.0,0,0.045110166
195,171,0.066564,0,0.04515845
195,72,0.0,0,0.045110166
195,81,0.0,0,0.045110166
195,84,0.0,0,0.045110166
196,120,0.0,0,0.045110166
196,131,0.0,0,0.045110166
196,154,0.139414,0,0.045249723
196,237,0.0,0,0.045110166
196,306,0.069246,0,0.045161802
196,321,0.0,0,0.045110166
196,326,0.0,0,0.045110166
196,363,0.0,0,0.045110166
196,435,0.0,0,0.045110166
196,454,0.079279,0,0.045174357
196,58,0.0,0,0.045110166
197,108,0.0,0,0.045110166
197,180,0.0,0,0.045110166
197,252,0.0,0,0.045110166
197,353,0.0,0,0.045110166
197,393,0.0,0,0.045110166
197,461,0.203235,1,0.045329835
198,123,0.0,0,0.045110166
198,461,0.072678,0,0.0451661
198,503,0.173227,0,0.04529214
200,129,0.0,0,0.045110166
200,182,0.0,0,0.045110166
200,223,0.059717,0,0.045149878
200,283,0.0,0,0.045110166
200,330,0.073045,0,0.045166563
200,335,0.0,0,0.045110166
200,450,0.080843,0,0.04517632
200,451,0.0,0,0.045110166
201,240,0.160286,0,0.045275904
201,248,0.119866,0,0.045225207
201,320,0.0,0,0.045110166
201,484,0.0553,0,0.04514435
201,72,0.056035,0,0.045145262
202,32,0.071728,0,0.045164905
202,347,0.062238,0,0.045153033
203,108,0.0,0,0.045110166
203,17,0.0,0,0.045110166
203,497,0.0,0,0.045110166
207,105,0.0,0,0.045110166
207,116,0.121646,0,0.04522744
207,121,0.0,0,0.045110166
207,122,0.0,0,0.045110166
207,243,0.0,0,0.045110166
207,303,0.0,0,0.045110166
207,358,0.0,0,0.045110166
207,374,0.0,0,0.045110166
207,379,0.16588,0,0.045282923
207,382,0.173122,0,0.04529201
207,78,0.169525,0,0.0452875
208,248,0.108502,0,0.045210972
208,33,0.0,0,0.045110166
208,449,0.063228,0,0.045154266
208,459,0.082351,0,0.045178212
208,474,0.065829,0,0.045157526
209,157,0.0,0,0.045110166
209,18,0.251458,1,0.04539045
209,195,0.0,0,0.045110166
209,201,0.0,0,0.045110166
209,220,0.069172,0,0.04516171
209,223,0.0,0,0.045110166
209,235,0.0,0,0.045110166
209,31,0.084455,0,0.045180846
209,316,0.0,0,0.045110166
209,330,0.0,0,0.045110166
209,370,0.0,0,0.045110166
209,81,0.0,0,0.045110166
210,127,0.053972,0,0.04514269
210,151,0.0,0,0.045110166
210,243,0.227492,1,0.045360312
210,244,0.059313,0,0.04514937
210,335,0.0,0,0.045110166
210,354,0.0,0,0.045110166
213,10,0.0,0,0.045110166
213,108,0.0,0,0.045110166
213,138,0.0,0,0.045110166
213,145,0.0,0,0.045110166
213,146,0.066156,0,0.045157935
213,178,0.076342,0,0.045170683
213,180,0.139516,0,0.04524986
213,182,0.0,0,0.045110166
213,187,0.0,0,0.045110166
213,238,0.07442,0,0.045168266
213,282,0.057345,0,0.045146905
213,301,0.077236,0,0.045171805
213,302,0.057811,0,0.045147482
213,354,0.0,0,0.045110166
213,464,0.101413,0,0.045202088
213,478,0.083188,0,0.045179263
213,79,0.068974,0,0.045161463
214,173,0.0,0,0.045110166
214,178,0.146383,0,0.04525847
214,194,0.096951,0,0.045196492
214,254,0.069194,0,0.04516173
214,348,0.0,0,0.045110166
214,380,0.0,0,0.045110166
214,415,0.0,0,0.045110166
214,421,0.111888,0,0.04521521
214,478,0.0,0,0.045110166
214,486,0.0,0,0.045110166
214,71,0.0,0,0.045110166
215,105,0.073361,0,0.04516695
215,125,0.071334,0,0.045164425
215,210,0.06012,0,0.04515038
215,41,0.071585,0,0.04516473
215,418,0.073759,0,0.045167457
215,452,0.060321,0,0.045150638
215,467,0.052167,0,0.04514043
216,134,0.084809,0,0.04518129
216,151,0.182316,0,0.045303553
216,237,0.147709,0,0.04526013
216,281,0.0,0,0.045110166
216,326,0.07401,0,0.045167767
216,390,0.0,0,0.045110166
216,454,0.0,0,0.045110166
216,58,0.0,0,0.045110166
216,71,0.0,0,0.045110166
217,126,0.075604,0,0.04516976
217,70,0.069165,0,0.0451617
218,216,0.0,0,0.045110166
218,237,0.0,0,0.045110166
218,300,0.0,0,0.045110166
218,424,0.150364,0,0.045263458
218,434,0.0,0,0.045110166
218,454,0.0,0,0.045110166
218,491,0.085578,0,0.045182254
218,70,0.137793,0,0.045247685
22,122,0.15898,0,0.045274265
22,147,0.10048,0,0.045200914
22,173,0.0,0,0.045110166
22,237,0.0,0,0.045110166
22,250,0.070183,0,0.045162972
22,276,0.119407,0,0.04522463
22,305,0.07102,0,0.045164023
22,390,0.0,0,0.045110166
22,425,0.0,0,0.045110166
22,58,0.086763,0,0.045183737
22,71,0.0,0,0.045110166
22,72,0.0,0,0.045110166
220,182,0.0,0,0.045110166
220,200,0.062339,0,0.045153156
220,223,0.0,0,0.045110166
220,224,0.076275,0,0.0451706
220,242,0.0,0,0.045110166
220,283,0.0,0,0.045110166
220,31,0.085448,0,0.04518209
220,330,0.0,0,0.045110166
220,451,0.0,0,0.045110166
221,111,0.0,0,0.045110166
221,157,0.120589,0,0.045226112
221,210,0.0,0,0.045110166
221,260,0.0,0,0.045110166
221,335,0.0,0,0.045110166
221,353,0.0,0,0.045110166
221,354,0.0,0,0.045110166
221,478,0.0,0,0.045110166
223,201,0.0,0,0.045110166
223,353,0.0,0,0.045110166
223,369,0.220525,1,0.04535155
223,372,0.0,0,0.045110166
223,383,0.0,0,0.045110166
223,451,0.0,0,0.045110166
223,478,0.0,0,0.045110166
224,105,0.0,0,0.045110166
224,200,0.0,0,0.045110166
224,283,0.0,0,0.045110166
224,291,0.0,0,0.045110166
224,330,0.0,0,0.045110166
224,335,0.0,0,0.045110166
224,451,0.0,0,0.045110166
224,480,0.117044,0,0.045221664
226,455,0.147617,0,0.045260016
226,487,0.111953,0,0.045215294
229,121,0.0,0,0.045110166
229,153,0.0,0,0.045110166
229,173,0.0,0,0.045110166
229,175,0.294114,1,0.045444123
229,235,0.0,0,0.045110166
229,257,0.0,0,0.045110166
229,280,0.0,0,0.045110166
229,286,0.14527,0,0.04525707
229,299,0.0,0,0.045110166
23,216,0.056614,0,0.045145992
23,275,0.0,0,0.045110166
23,287,0.057187,0,0.04514671
23,291,0.0,0,0.045110166
23,369,0.0,0,0.045110166
23,474,0.057158,0,0.04514667
23,50,0.188708,0,0.045311574
23,86,0.0,0,0.045110166
230,172,0.172926,0,0.045291755
230,237,0.0,0,0.045110166
230,312,0.08132,0,0.045176916
230,335,0.0,0,0.045110166
230,353,0.0,0,0.045110166
230,354,0.086426,0,0.045183312
230,380,0.0,0,0.045110166
230,47,0.058174,0,0.045147944
230,84,0.0,0,0.045110166
230,99,0.118513,0,0.04522352
233,0,0.0,0,0.045110166
233,19,0.112053,0,0.045215417
233,230,0.0,0,0.045110166
233,241,0.186457,0,0.04530875
233,250,0.0,0,0.045110166
233,265,0.057764,0,0.04514743
233,280,0.0,0,0.045110166
233,312,0.083625,0,0.045179807
233,32,0.094539,0,0.04519348
233,320,0.0,0,0.045110166
233,321,0.261222,1,0.04540273
233,354,0.0,0,0.045110166
233,406,0.058245,0,0.045148026
233,45,0.0,0,0.045110166
233,471,0.0,0,0.045110166
233,483,0.184032,0,0.04530571
234,108,0.116343,0,0.0452208
234,173,0.0,0,0.045110166
234,19,0.0,0,0.045110166
234,266,0.0,0,0.045110166
234,305,0.0,0,0.045110166
234,34,0.165942,0,0.045282993
234,354,0.0,0,0.045110166
234,358,0.0,0,0.045110166
234,386,0.123243,0,0.045229435
234,388,0.095872,0,0.045195144
234,452,0.0,0,0.045110166
234,60,0.057905,0,0.045147613
234,84,0.0,0,0.045110166
235,108,0.0,0,0.045110166
235,195,0.0,0,0.045110166
235,286,0.060019,0,0.045150246
235,299,0.0,0,0.045110166
235,3,0.0,0,0.045110166
235,316,0.0,0,0.045110166
235,354,0.0,0,0.045110166
235,374,0.0,0,0.045110166
235,438,0.0,0,0.045110166
236,109,0.0,0,0.045110166
236,117,0.068138,0,0.045160413
236,136,0.0,0,0.045110166
236,166,0.067801,0,0.045160003
236,181,0.117033,0,0.045221664
236,189,0.062905,0,0.045153867
236,230,0.0,0,0.045110166
236,298,0.0,0,0.045110166
236,429,0.106531,0,0.0452085
236,484,0.0,0,0.045110166
236,74,0.05086,0,0.0451388
237,151,0.0,0,0.045110166
237,305,0.077349,0,0.04517195
237,33,0.0,0,0.045110166
237,335,0.0,0,0.045110166
237,353,0.0,0,0.045110166
237,380,0.0,0,0.045110166
237,406,0.0,0,0.045110166
237,478,0.0,0,0.045110166
238,10,0.0,0,0.045110166
238,145,0.062311,0,0.045153122
238,187,0.0,0,0.045110166
238,223,0.0,0,0.045110166
238,303,0.069454,0,0.04516206
238,380,0.0,0,0.045110166
238,79,0.100131,0,0.045200482
24,179,0.156512,0,0.045271166
24,237,0.0,0,0.045110166
24,249,0.0,0,0.045110166
24,295,0.0,0,0.045110166
24,415,0.0,0,0.045110166
24,442,0.081573,0,0.045177236
24,474,0.067413,0,0.045159496
24,486,0.0,0,0.045110166
240,182,0.0,0,0.045110166
240,248,0.133952,0,0.045242876
240,320,0.0,0,0.045110166
240,363,0.0,0,0.045110166
240,478,0.0,0,0.045110166
240,72,0.0,0,0.045110166
241,0,0.064042,0,0.045155283
241,115,0.075255,0,0.045169327
241,19,0.067576,0,0.045159716
241,250,0.062283,0,0.045153085
241,265,0.05316,0,0.045141667
241,32,0.114504,0,0.045218494
241,354,0.0,0,0.045110166
241,384,0.107776,0,0.045210063
241,40,0.054078,0,0.04514282
241,45,0.0,0,0.045110166
241,473,0.052908,0,0.045141354
241,483,0.0,0,0.045110166
242,182,0.0,0,0.045110166
242,195,0.054235,0,0.045143023
242,198,0.0,0,0.045110166
242,220,0.050246,0,0.045138028
242,224,0.0,0,0.045110166
242,283,0.0,0,0.045110166
242,31,0.0,0,0.045110166
242,316,0.0,0,0.045110166
242,345,0.0,0,0.045110166
242,352,0.08154,0,0.045177195
242,480,0.0,0,0.045110166
242,510,0.056386,0,0.045145705
242,81,0.067378,0,0.045159467
243,151,0.0,0,0.045110166
243,216,0.0,0,0.045110166
243,244,0.236772,1,0.045371972
243,287,0.0,0,0.045110166
243,29,0.080373,0,0.045175735
243,437,0.0,0,0.045110166
244,151,0.0,0,0.045110166
244,216,0.0,0,0.045110166
244,265,0.0,0,0.045110166
244,287,0.0,0,0.045110166
244,29,0.0,0,0.045110166
244,41,0.0,0,0.045110166
244,437,0.0,0,0.045110166
244,478,0.0,0,0.045110166
244,78,0.0,0,0.045110166
245,109,0.0,0,0.045110166
245,133,0.0,0,0.045110166
245,217,0.0,0,0.045110166
245,34,0.063704,0,0.045154862
245,404,0.057981,0,0.045147706
248,155,0.0,0,0.045110166
248,320,0.0,0,0.045110166
248,363,0.0,0,0.045110166
248,390,0.0,0,0.045110166
248,459,0.0,0,0.045110166
248,72,0.1105,0,0.045213472
250,103,0.0,0,0.045110166
250,111,0.0,0,0.045110166
250,117,0.051143,0,0.04513915
250,173,0.0,0,0.045110166
250,221,0.08033,0,0.045175675
250,289,0.0,0,0.045110166
250,305,0.0,0,0.045110166
250,320,0.064087,0,0.045155335
250,370,0.0,0,0.045110166
250,378,0.100669,0,0.045201153
250,60,0.0,0,0.045110166
250,84,0.0,0,0.045110166
252,167,0.101322,0,0.04520197
252,201,0.0,0,0.045110166
252,223,0.153964,0,0.04526797
252,254,0.25738,1,0.04539789
252,301,0.0,0,0.045110166
252,358,0.0,0,0.045110166
252,383,0.0,0,0.045110166
252,421,0.076967,0,0.045171477
252,473,0.0,0,0.045110166
252,484,0.126077,0,0.045233
253,202,0.082364,0,0.045178223
253,216,0.05055,0,0.045138407
253,281,0.0,0,0.045110166
253,32,0.092858,0,0.04519137
253,347,0.114647,0,0.045218658
253,448,0.062213,0,0.045152992
253,473,0.0,0,0.045110166
253,96,0.13961,0,0.04524996
254,201,0.0,0,0.045110166
254,223,0.059661,0,0.045149803
254,250,0.0,0,0.045110166
254,273,0.0,0,0.045110166
254,285,0.0,0,0.045110166
254,383,0.0,0,0.045110166
254,421,0.194273,0,0.04531857
254,484,0.0,0,0.045110166
255,10,0.0,0,0.045110166
255,136,0.0,0,0.045110166
255,167,0.0,0,0.045110166
255,201,0.0,0,0.045110166
255,223,0.069221,0,0.04516177
255,250,0.0,0,0.045110166
255,252,0.207538,1,0.04533524
255,254,0.08518,0,0.04518175
255,353,0.0,0,0.045110166
255,383,0.0,0,0.045110166
255,406,0.104935,0,0.045206506
255,421,0.0,0,0.045110166
255,484,0.0,0,0.045110166
255,53,0.083221,0,0.045179293
256,105,0.0,0,0.045110166
256,153,0.0,0,0.045110166
256,216,0.0,0,0.045110166
256,260,0.0,0,0.045110166
256,290,0.137307,0,0.045247078
256,60,0.147376,0,0.045259707
257,109,0.085436,0,0.045182083
257,153,0.0,0,0.045110166
257,173,0.054849,0,0.04514378
257,229,0.060395,0,0.04515072
257,33,0.0,0,0.045110166
257,473,0.0,0,0.045110166
257,71,0.0,0,0.045110166
257,77,0.205735,1,0.045332972
259,163,0.057786,0,0.045147464
259,276,0.050319,0,0.045138117
259,463,0.056232,0,0.04514552
259,58,0.0,0,0.045110166
26,111,0.068328,0,0.04516065
26,112,0.052056,0,0.045140285
26,145,0.056286,0,0.045145582
26,477,0.060154,0,0.04515042
260,105,0.0,0,0.045110166
260,114,0.05756,0,0.045147173
260,215,0.075751,0,0.045169935
260,235,0.074042,0,0.045167804
260,305,0.0,0,0.045110166
260,314,0.0,0,0.045110166
260,386,0.144777,0,0.045256454
260,388,0.202819,1,0.04532931
261,107,0.072767,0,0.045166202
261,173,0.0,0,0.045110166
261,195,0.0,0,0.045110166
261,317,0.0,0,0.045110166
261,329,0.184831,0,0.04530671
261,332,0.102308,0,0.0452032
261,360,0.0,0,0.045110166
261,393,0.067021,0,0.045159016
261,474,0.070878,0,0.045163848
261,495,0.05192,0,0.045140125
261,72,0.0,0,0.045110166
261,97,0.0,0,0.045110166
263,115,0.0,0,0.045110166
263,347,0.050871,0,0.04513881
263,473,0.0,0,0.045110166
263,65,0.0,0,0.045110166
264,123,0.0,0,0.045110166
264,182,0.0,0,0.045110166
264,238,0.050497,0,0.045138348
264,284,0.0,0,0.045110166
264,317,0.0,0,0.045110166
264,437,0.0,0,0.045110166
264,438,0.0,0,0.045110166
264,55,0.0,0,0.045110166
264,88,0.072736,0,0.04516617
265,0,0.0,0,0.045110166
265,121,0.0,0,0.045110166
265,122,0.0,0,0.045110166
265,153,0.0,0,0.045110166
265,19,0.069105,0,0.045161627
265,230,0.0,0,0.045110166
265,312,0.125238,0,0.04523195
265,32,0.082438,0,0.045178324
265,354,0.0,0,0.045110166
265,99,0.0,0,0.045110166
266,289,0.058662,0,0.04514855
266,354,0.0,0,0.045110166
266,396,0.0,0,0.045110166
266,416,0.0,0,0.045110166
266,452,0.0,0,0.045110166
267,108,0.0,0,0.045110166
267,136,0.0,0,0.045110166
267,23,0.0,0,0.045110166
267,327,0.095926,0,0.045195207
267,360,0.062145,0,0.045152918
267,393,0.0,0,0.045110166
267,485,0.0,0,0.045110166
267,7,0.0,0,0.045110166
268,33,0.08283,0,0.04517881
268,333,0.149174,0,0.045261953
268,344,0.0,0,0.045110166
268,353,0.0,0,0.045110166
268,388,0.0,0,0.045110166
268,421,0.101307,0,0.045201957
27,223,0.079809,0,0.045175023
27,372,0.05383,0,0.045142505
27,415,0.122689,0,0.04522875
272,108,0.0,0,0.045110166
272,23,0.0,0,0.045110166
272,267,0.117436,0,0.045222167
272,327,0.094701,0,0.045193683
272,360,0.06092,0,0.04515139
272,393,0.0,0,0.045110166
272,485,0.0,0,0.045110166
273,1,0.21577,1,0.04534557
273,108,0.0,0,0.045110166
273,223,0.0,0,0.045110166
273,230,0.0,0,0.045110166
273,32,0.077241,0,0.045171816
273,335,0.0,0,0.045110166
273,383,0.0,0,0.045110166
273,388,0.0,0,0.045110166
273,72,0.0,0,0.045110166
273,8,0.10944,0,0.045212153
273,87,0.0,0,0.045110166
275,291,0.0,0,0.045110166
276,101,0.079346,0,0.04517444
276,103,0.053788,0,0.045142457
276,122,0.087911,0,0.04518518
276,147,0.096096,0,0.045195423
276,173,0.0,0,0.045110166
276,221,0.0,0,0.045110166
276,229,0.0,0,0.045110166
276,250,0.0,0,0.045110166
276,305,0.054801,0,0.04514372
276,390,0.0,0,0.045110166
276,434,0.0,0,0.045110166
276,58,0.0,0,0.045110166
276,71,0.0,0,0.045110166
276,72,0.0,0,0.045110166
278,116,0.0,0,0.045110166
278,164,0.106993,0,0.045209076
278,195,0.0,0,0.045110166
278,235,0.0,0,0.045110166
278,316,0.0,0,0.045110166
278,370,0.12079,0,0.04522637
278,406,0.0,0,0.045110166
278,510,0.0,0,0.045110166
278,81,0.0,0,0.045110166
278,9,0.171362,0,0.0452898
279,201,0.069879,0,0.045162596
279,234,0.0,0,0.045110166
279,280,0.054383,0,0.045143206
279,354,0.0,0,0.045110166
279,484,0.0,0,0.045110166
279,87,0.106312,0,0.045208223
280,108,0.0,0,0.045110166
280,250,0.0,0,0.045110166
280,252,0.0,0,0.045110166
280,257,0.0,0,0.045110166
280,484,0.0,0,0.045110166
281,10,0.083333,0,0.045179438
281,151,0.057261,0,0.045146804
281,22,0.084156,0,0.045180466
281,237,0.0,0,0.045110166
281,276,0.063211,0,0.045154244
281,305,0.090323,0,0.0451882
281,320,0.0,0,0.045110166
281,33,0.0,0,0.045110166
281,385,0.150669,0,0.04526385
281,452,0.0,0,0.045110166
281,454,0.0,0,0.045110166
281,58,0.0,0,0.045110166
281,71,0.0,0,0.045110166
282,10,0.0,0,0.045110166
282,145,0.0,0,0.045110166
282,180,0.0,0,0.045110166
282,187,0.0,0,0.045110166
282,213,0.0,0,0.045110166
282,216,0.074808,0,0.04516876
282,223,0.0,0,0.045110166
282,238,0.12811,0,0.045235544
282,287,0.0,0,0.045110166
282,301,0.068632,0,0.04516103
282,328,0.0,0,0.045110166
282,380,0.0,0,0.045110166
282,414,0.116077,0,0.04522046
282,474,0.0,0,0.045110166
282,79,0.078019,0,0.045172792
283,141,0.0,0,0.045110166
283,237,0.0,0,0.045110166
283,368,0.069465,0,0.045162078
283,380,0.0,0,0.045110166
283,62,0.132906,0,0.045241557
283,71,0.067962,0,0.045160197
284,210,0.0,0,0.045110166
284,316,0.188489,0,0.04531131
284,353,0.0,0,0.045110166
284,375,0.066162,0,0.045157947
284,378,0.079497,0,0.045174643
284,419,0.0,0,0.045110166
284,60,0.0,0,0.045110166
285,111,0.0,0,0.045110166
285,210,0.0,0,0.045110166
285,413,0.213719,1,0.045343004
285,430,0.0,0,0.045110166
285,5,0.0,0,0.045110166
286,108,0.0,0,0.045110166
286,153,0.0,0,0.045110166
286,252,0.0,0,0.045110166
286,257,0.0,0,0.045110166
286,280,0.0,0,0.045110166
286,298,0.0,0,0.045110166
286,299,0.0,0,0.045110166
286,3,0.146515,0,0.045258626
286,320,0.0,0,0.045110166
286,45,0.0,0,0.045110166
286,473,0.0,0,0.045110166
287,123,0.0,0,0.045110166
287,182,0.0,0,0.045110166
287,210,0.0,0,0.045110166
287,250,0.0,0,0.045110166
287,264,0.07491,0,0.045168895
287,284,0.142973,0,0.045254182
287,316,0.08049,0,0.04517588
287,317,0.0,0,0.045110166
287,437,0.0,0,0.045110166
289,17,0.0,0,0.045110166
289,335,0.0,0,0.045110166
289,366,0.0,0,0.045110166
29,108,0.0,0,0.045110166
29,140,0.075203,0,0.045169257
29,151,0.0,0,0.045110166
29,173,0.0,0,0.045110166
29,216,0.0,0,0.045110166
29,252,0.079125,0,0.04517416
29,353,0.0,0,0.045110166
29,95,0.083812,0,0.04518004
290,105,0.0,0,0.045110166
290,121,0.0,0,0.045110166
290,153,0.0,0,0.045110166
290,207,0.0,0,0.045110166
290,260,0.0,0,0.045110166
290,33,0.160428,0,0.04527608
290,60,0.05085,0,0.04513878
291,105,0.0,0,0.045110166
291,121,0.0,0,0.045110166
291,265,0.0,0,0.045110166
291,303,0.0,0,0.045110166
291,478,0.0,0,0.045110166
292,195,0.0,0,0.045110166
292,316,0.0,0,0.045110166
292,370,0.0,0,0.045110166
292,41,0.0,0,0.045110166
292,81,0.0,0,0.045110166
294,280,0.0,0,0.045110166
294,300,0.182222,0,0.04530343
294,309,0.0,0,0.045110166
294,320,0.0,0,0.045110166
294,438,0.0,0,0.045110166
294,484,0.0,0,0.045110166
294,486,0.111526,0,0.045214757
294,72,0.0,0,0.045110166
295,105,0.0,0,0.045110166
295,224,0.108829,0,0.045211382
295,249,0.093628,0,0.045192335
295,290,0.06204,0,0.045152787
295,33,0.0,0,0.045110166
295,480,0.0,0,0.045110166
295,77,0.078662,0,0.045173585
297,122,0.0,0,0.045110166
297,265,0.07215,0,0.04516543
297,384,0.0,0,0.045110166
297,413,0.082348,0,0.045178205
297,438,0.088826,0,0.04518632
297,489,0.087506,0,0.045184664
298,107,0.0,0,0.045110166
298,138,0.0,0,0.045110166
298,230,0.0,0,0.045110166
298,33,0.0,0,0.045110166
298,354,0.179875,0,0.04530049
298,368,0.052111,0,0.04514036
298,380,0.0,0,0.045110166
298,484,0.0,0,0.045110166
299,121,0.0,0,0.045110166
299,175,0.053982,0,0.04514269
299,216,0.0,0,0.045110166
299,229,0.088539,0,0.045185957
299,257,0.170733,0,0.045289014
299,33,0.1197,0,0.045225002
299,491,0.075422,0,0.045169532
299,71,0.0,0,0.045110166
3,108,0.0,0,0.045110166
3,229,0.0,0,0.045110166
3,257,0.0,0,0.045110166
3,320,0.0,0,0.045110166
3,45,0.0,0,0.045110166
3,473,0.0,0,0.045110166
300,125,0.0,0,0.045110166
300,216,0.0,0,0.045110166
300,309,0.053661,0,0.045142293
300,454,0.0,0,0.045110166
300,484,0.0,0,0.045110166
300,486,0.125012,0,0.04523166
300,489,0.0,0,0.045110166
300,491,0.0,0,0.045110166
300,72,0.052666,0,0.04514105
301,109,0.0,0,0.045110166
301,117,0.0,0,0.045110166
301,195,0.101109,0,0.04520171
301,281,0.0,0,0.045110166
301,365,0.125094,0,0.045231767
301,448,0.0,0,0.045110166
301,449,0.0,0,0.045110166
301,45,0.062216,0,0.045153003
301,486,0.083059,0,0.045179088
301,495,0.178126,0,0.045298297
301,72,0.0,0,0.045110166
301,84,0.081587,0,0.04517726
302,108,0.057504,0,0.045147102
302,117,0.0,0,0.045110166
302,132,0.0,0,0.045110166
302,145,0.0,0,0.045110166
302,301,0.0,0,0.045110166
302,327,0.067179,0,0.04515922
302,509,0.0,0,0.045110166
303,132,0.0,0,0.045110166
303,213,0.058482,0,0.04514833
303,214,0.066498,0,0.045158368
303,301,0.0,0,0.045110166
303,302,0.088776,0,0.045186255
303,327,0.0,0,0.045110166
303,447,0.0,0,0.045110166
303,478,0.0,0,0.045110166
303,509,0.0,0,0.045110166
305,195,0.0,0,0.045110166
305,214,0.0,0,0.045110166
305,237,0.0,0,0.045110166
305,33,0.0,0,0.045110166
305,380,0.0,0,0.045110166
305,406,0.0,0,0.045110166
305,452,0.0,0,0.045110166
305,481,0.141003,0,0.045251712
305,58,0.0,0,0.045110166
305,71,0.0,0,0.045110166
306,131,0.161378,0,0.045277275
306,237,0.0,0,0.045110166
306,390,0.054615,0,0.045143493
306,419,0.0,0,0.045110166
306,435,0.0,0,0.045110166
306,454,0.0,0,0.045110166
307,390,0.0,0,0.045110166
307,90,0.0,0,0.045110166
308,1,0.092234,0,0.045190588
308,250,0.0,0,0.045110166
308,273,0.186941,0,0.04530937
308,33,0.0,0,0.045110166
308,335,0.0,0,0.045110166
308,344,0.0,0,0.045110166
308,353,0.0,0,0.045110166
308,383,0.127681,0,0.045235008
308,72,0.0,0,0.045110166
309,201,0.0,0,0.045110166
309,234,0.0,0,0.045110166
309,279,0.141433,0,0.04525225
309,280,0.0,0,0.045110166
309,484,0.0,0,0.045110166
309,87,0.072657,0,0.045166068
31,182,0.0,0,0.045110166
31,200,0.05686,0,0.0451463
31,220,0.072136,0,0.04516542
31,223,0.0,0,0.045110166
31,224,0.098257,0,0.04519814
31,283,0.0,0,0.045110166
31,330,0.0,0,0.045110166
31,335,0.0,0,0.045110166
31,370,0.0,0,0.045110166
31,81,0.0,0,0.045110166
312,250,0.0,0,0.045110166
313,105,0.069572,0,0.045162212
313,155,0.0,0,0.045110166
313,182,0.057301,0,0.045146856
313,283,0.0,0,0.045110166
313,335,0.0,0,0.045110166
313,71,0.0,0,0.045110166
314,121,0.0,0,0.045110166
314,131,0.070141,0,0.04516292
314,257,0.0,0,0.045110166
314,41,0.062761,0,0.045153692
314,452,0.051736,0,0.045139898
316,210,0.0,0,0.045110166
316,256,0.091548,0,0.045189735
316,260,0.0,0,0.045110166
316,290,0.05534,0,0.045144398
316,375,0.139691,0,0.045250062
316,378,0.135592,0,0.045244925
316,41,0.0,0,0.045110166
316,60,0.0,0,0.045110166
317,109,0.0,0,0.045110166
317,12,0.057167,0,0.04514668
317,244,0.053177,0,0.045141686
318,380,0.145832,0,0.04525777
319,261,0.0,0,0.045110166
319,285,0.112716,0,0.04521625
319,298,0.083752,0,0.04517997
319,413,0.050702,0,0.045138594
319,502,0.168791,0,0.045286585
319,97,0.0,0,0.045110166
32,167,0.0,0,0.045110166
32,172,0.052377,0,0.045140687
32,19,0.0,0,0.045110166
32,230,0.232617,1,0.045366757
32,250,0.0,0,0.045110166
32,335,0.0,0,0.045110166
32,354,0.0,0,0.045110166
32,45,0.0,0,0.045110166
32,47,0.0,0,0.045110166
32,90,0.0,0,0.045110166
32,99,0.203377,1,0.04533
320,111,0.0,0,0.045110166
320,191,0.0,0,0.045110166
320,250,0.0,0,0.045110166
321,0,0.0,0,0.045110166
321,19,0.275556,1,0.045420766
321,230,0.0,0,0.045110166
321,241,0.052129,0,0.045140382
321,250,0.0,0,0.045110166
321,265,0.188502,0,0.04531132
321,312,0.08992,0,0.045187686
321,32,0.167075,0,0.045284417
321,335,0.0,0,0.045110166
321,354,0.0,0,0.045110166
321,406,0.113914,0,0.045217752
321,45,0.0,0,0.045110166
321,483,0.0,0,0.045110166
322,210,0.0,0,0.045110166
322,215,0.0,0,0.045110166
322,284,0.057246,0,0.045146782
322,306,0.0,0,0.045110166
322,353,0.06359,0,0.045154728
322,354,0.0,0,0.045110166
322,375,0.0,0,0.045110166
322,379,0.0,0,0.045110166
322,382,0.0,0,0.045110166
322,389,0.0,0,0.045110166
322,419,0.0,0,0.045110166
323,108,0.0,0,0.045110166
323,23,0.0,0,0.045110166
323,267,0.116489,0,0.045220975
323,272,0.174156,0,0.045293305
323,327,0.093583,0,0.045192275
323,360,0.059801,0,0.04514999
323,393,0.0,0,0.045110166
323,485,0.0,0,0.045110166
326,120,0.0,0,0.045110166
326,241,0.0,0,0.045110166
326,250,0.0,0,0.045110166
326,419,0.0,0,0.045110166
326,435,0.0,0,0.045110166
326,448,0.0,0,0.045110166
326,454,0.0,0,0.045110166
326,455,0.070925,0,0.04516391
326,468,0.0,0,0.045110166
326,58,0.0,0,0.045110166
326,71,0.194791,0,0.045319222
326,84,0.0,0,0.045110166
327,10,0.0,0,0.045110166
327,117,0.0,0,0.045110166
327,132,0.0,0,0.045110166
327,197,0.114005,0,0.045217868
327,243,0.083879,0,0.045180127
327,301,0.0,0,0.045110166
327,353,0.0,0,0.045110166
327,485,0.228604,1,0.045361705
328,187,0.0,0,0.045110166
328,302,0.058027,0,0.04514777
328,79,0.0,0,0.045110166
329,137,0.0,0,0.045110166
329,248,0.0,0,0.045110166
329,268,0.0,0,0.045110166
329,273,0.0,0,0.045110166
329,317,0.0,0,0.045110166
329,320,0.0,0,0.045110166
329,332,0.130316,0,0.0452383
329,360,0.0,0,0.045110166
329,393,0.072827,0,0.045166295
329,421,0.063194,0,0.045154225
329,473,0.0,0,0.045110166
329,474,0.105756,0,0.045207534
329,72,0.0,0,0.045110166
33,105,0.0,0,0.045110166
33,109,0.0,0,0.045110166
33,153,0.190865,0,0.04531429
33,216,0.0,0,0.045110166
33,229,0.0,0,0.045110166
33,243,0.0,0,0.045110166
33,257,0.0,0,0.045110166
33,265,0.0,0,0.045110166
33,281,0.0,0,0.045110166
33,335,0.0,0,0.045110166
33,491,0.289395,1,0.04543819
33,71,0.0,0,0.045110166
33,97,0.156643,0,0.04527133
330,223,0.0,0,0.045110166
330,24,0.0,0,0.045110166
330,254,0.131769,0,0.045240138
330,335,0.079342,0,0.04517444
330,338,0.098116,0,0.045197956
330,346,0.095341,0,0.045194477
330,450,0.194828,0,0.04531927
330,470,0.0,0,0.045110166
332,137,0.0,0,0.045110166
332,268,0.107904,0,0.04521022
332,273,0.0,0,0.045110166
332,29,0.0,0,0.045110166
332,317,0.0,0,0.045110166
332,333,0.0,0,0.045110166
332,354,0.0,0,0.045110166
332,393,0.241426,1,0.045377824
332,421,0.0,0,0.045110166
332,473,0.099907,0,0.045200206
332,474,0.053311,0,0.04514186
332,5,0.0,0,0.045110166
332,72,0.0,0,0.045110166
333,148,0.0,0,0.045110166
333,308,0.0,0,0.045110166
333,317,0.058456,0,0.045148294
333,344,0.0,0,0.045110166
333,353,0.0,0,0.045110166
333,354,0.0,0,0.045110166
333,388,0.0,0,0.045110166
333,421,0.0,0,0.045110166
333,442,0.070592,0,0.045163486
333,89,0.051056,0,0.045139037
334,229,0.134084,0,0.045243032
334,42,0.093533,0,0.045192212
335,121,0.0,0,0.045110166
335,143,0.150429,0,0.04526354
335,245,0.0,0,0.045110166
335,301,0.0,0,0.045110166
335,449,0.0,0,0.045110166
335,459,0.207416,1,0.045335077
338,121,0.06141,0,0.045151997
338,169,0.062568,0,0.045153443
338,223,0.058411,0,0.045148242
338,24,0.0,0,0.045110166
338,254,0.0,0,0.045110166
338,346,0.0,0,0.045110166
338,424,0.05761,0,0.045147236
338,451,0.059736,0,0.045149896
34,108,0.0,0,0.045110166
34,19,0.0,0,0.045110166
34,235,0.05326,0,0.045141798
34,354,0.0,0,0.045110166
34,358,0.0,0,0.045110166
34,388,0.0,0,0.045110166
34,452,0.0,0,0.045110166
34,60,0.059608,0,0.045149744
340,120,0.059764,0,0.045149937
340,363,0.0,0,0.045110166
344,273,0.0,0,0.045110166
344,290,0.0,0,0.045110166
344,383,0.0,0,0.045110166
344,72,0.0,0,0.045110166
345,347,0.0,0,0.045110166
346,194,0.0,0,0.045110166
346,214,0.054397,0,0.045143217
346,223,0.0,0,0.045110166
346,24,0.0,0,0.045110166
346,254,0.052598,0,0.045140967
346,335,0.0,0,0.045110166
346,415,0.0,0,0.045110166
346,421,0.065285,0,0.045156844
346,470,0.103329,0,0.04520448
346,474,0.0,0,0.045110166
346,481,0.0,0,0.045110166
347,10,0.0,0,0.045110166
347,216,0.062338,0,0.045153156
347,32,0.061458,0,0.045152046
347,320,0.0,0,0.045110166
347,439,0.054725,0,0.04514363
347,454,0.0,0,0.045110166
348,157,0.0,0,0.045110166
348,210,0.0,0,0.045110166
348,306,0.0,0,0.045110166
348,322,0.248976,1,0.045387328
348,353,0.050443,0,0.045138273
348,354,0.0,0,0.045110166
348,375,0.0,0,0.045110166
348,379,0.0,0,0.045110166
348,389,0.0,0,0.045110166
349,155,0.0,0,0.045110166
349,193,0.051333,0,0.045139384
349,277,0.07209,0,0.045165356
349,279,0.0,0,0.045110166
349,309,0.0,0,0.045110166
349,347,0.0,0,0.045110166
349,453,0.188686,0,0.045311555
349,463,0.0,0,0.045110166
349,497,0.0,0,0.045110166
35,155,0.0,0,0.045110166
35,163,0.052259,0,0.045140542
35,259,0.0,0,0.045110166
35,408,0.0,0,0.045110166
35,434,0.0,0,0.045110166
35,463,0.051681,0,0.045139816
35,58,0.0,0,0.045110166
350,125,0.058056,0,0.0451478
350,126,0.165858,0,0.045282893
350,294,0.056122,0,0.045145374
350,300,0.0,0,0.045110166
350,382,0.119586,0,0.045224857
350,438,0.0,0,0.045110166
350,489,0.0,0,0.045110166
352,316,0.0,0,0.045110166
352,345,0.0,0,0.045110166
352,406,0.0,0,0.045110166
352,510,0.080795,0,0.045176256
352,53,0.053913,0,0.04514261
352,81,0.091984,0,0.045190267
353,105,0.0,0,0.045110166
353,273,0.0,0,0.045110166
353,290,0.0,0,0.045110166
353,320,0.0,0,0.045110166
353,344,0.280749,1,0.045427304
353,383,0.0,0,0.045110166
353,72,0.0,0,0.045110166
354,237,0.052226,0,0.045140494
354,305,0.060553,0,0.04515093
354,33,0.052933,0,0.045141388
354,335,0.0,0,0.045110166
354,353,0.0,0,0.045110166
354,368,0.278485,1,0.04542445
354,380,0.0,0,0.045110166
354,452,0.0,0,0.045110166
354,47,0.0,0,0.045110166
354,481,0.0,0,0.045110166
354,484,0.0,0,0.045110166
358,40,0.162408,0,0.045278564
358,452,0.0,0,0.045110166
359,169,0.064027,0,0.04515526
359,195,0.0,0,0.045110166
359,229,0.053516,0,0.045142118
359,495,0.078577,0,0.045173492
36,0,0.059448,0,0.04514954
36,173,0.0,0,0.045110166
36,24,0.066179,0,0.045157965
36,278,0.085086,0,0.04518164
36,474,0.090133,0,0.045187954
360,108,0.0,0,0.045110166
360,317,0.0,0,0.045110166
360,393,0.059672,0,0.045149814
360,439,0.09476,0,0.045193754
360,473,0.098531,0,0.04519847
360,474,0.061142,0,0.045151655
362,161,0.0,0,0.045110166
362,191,0.067076,0,0.045159087
362,193,0.071502,0,0.04516463
362,22,0.055759,0,0.045144923
362,224,0.053925,0,0.045142632
362,266,0.0,0,0.045110166
362,285,0.053746,0,0.045142405
362,302,0.0,0,0.045110166
362,320,0.068459,0,0.04516081
362,321,0.0,0,0.045110166
362,349,0.055204,0,0.045144238
362,390,0.0,0,0.045110166
362,416,0.0,0,0.045110166
363,167,0.0,0,0.045110166
363,237,0.0,0,0.045110166
363,250,0.0,0,0.045110166
363,252,0.118071,0,0.045222964
363,255,0.252954,1,0.045392327
363,383,0.0,0,0.045110166
363,406,0.221024,1,0.04535218
363,421,0.0,0,0.045110166
363,484,0.0,0,0.045110166
364,229,0.132795,0,0.045241423
364,334,0.162259,0,0.045278378
364,42,0.092889,0,0.04519141
365,10,0.0,0,0.045110166
365,109,0.0,0,0.045110166
365,117,0.141814,0,0.045252733
365,173,0.056099,0,0.045145355
365,189,0.078262,0,0.045173083
365,195,0.0,0,0.045110166
365,260,0.0,0,0.045110166
365,281,0.0,0,0.045110166
365,320,0.052096,0,0.045140337
365,495,0.059464,0,0.045149557
366,335,0.0,0,0.045110166
367,184,0.164389,0,0.04528106
367,236,0.054431,0,0.045143258
367,62,0.089456,0,0.04518711
368,237,0.261915,1,0.04540359
368,305,0.190291,0,0.045313567
368,33,0.159418,0,0.045274813
368,335,0.0,0,0.045110166
368,380,0.177686,0,0.04529775
368,478,0.0,0,0.045110166
369,201,0.0,0,0.045110166
369,291,0.245632,1,0.045383126
369,353,0.0,0,0.045110166
369,380,0.0,0,0.045110166
369,478,0.0,0,0.045110166
370,107,0.091242,0,0.045189355
370,195,0.0,0,0.045110166
370,201,0.0,0,0.045110166
370,316,0.0,0,0.045110166
370,406,0.0,0,0.045110166
370,415,0.0,0,0.045110166
370,81,0.0,0,0.045110166
371,111,0.064679,0,0.045156088
371,112,0.141675,0,0.045252558
371,121,0.0,0,0.045110166
371,13,0.0,0,0.045110166
371,145,0.051925,0,0.045140125
371,193,0.0,0,0.045110166
371,22,0.0,0,0.045110166
371,26,0.148298,0,0.04526086
371,362,0.0,0,0.045110166
371,477,0.055834,0,0.045145016
372,234,0.09055,0,0.045188475
372,305,0.0,0,0.045110166
372,354,0.0,0,0.045110166
372,358,0.0,0,0.045110166
372,374,0.0,0,0.045110166
372,380,0.0,0,0.045110166
372,386,0.0,0,0.045110166
372,452,0.0,0,0.045110166
372,60,0.0,0,0.045110166
373,13,0.0,0,0.045110166
373,193,0.0,0,0.045110166
373,26,0.101618,0,0.045202345
373,289,0.0,0,0.045110166
373,362,0.058051,0,0.045147788
373,371,0.200123,1,0.045325916
373,477,0.073179,0,0.045166727
374,192,0.052991,0,0.045141462
374,268,0.054721,0,0.04514362
375,103,0.0,0,0.045110166
375,131,0.0,0,0.045110166
375,215,0.0,0,0.045110166
375,306,0.100093,0,0.045200434
375,370,0.0,0,0.045110166
375,378,0.052809,0,0.045141235
375,419,0.0,0,0.045110166
375,60,0.0,0,0.045110166
377,170,0.063594,0,0.045154728
377,313,0.061765,0,0.045152437
377,480,0.107045,0,0.045209147
378,103,0.092189,0,0.045190535
378,195,0.059993,0,0.045150217
378,256,0.156261,0,0.045270845
378,292,0.060771,0,0.045151193
378,33,0.06113,0,0.045151647
378,41,0.0,0,0.045110166
378,60,0.0,0,0.045110166
379,116,0.0,0,0.045110166
379,121,0.0,0,0.045110166
379,122,0.0,0,0.045110166
379,291,0.100396,0,0.045200814
379,303,0.0,0,0.045110166
379,358,0.0,0,0.045110166
379,374,0.0,0,0.045110166
379,467,0.085325,0,0.045181938
379,78,0.111494,0,0.045214716
380,115,0.104945,0,0.045206513
380,237,0.0,0,0.045110166
380,303,0.0,0,0.045110166
380,33,0.09245,0,0.045190856
380,347,0.0,0,0.045110166
380,388,0.0,0,0.045110166
380,481,0.0,0,0.045110166
381,169,0.0,0,0.045110166
381,173,0.0,0,0.045110166
381,195,0.0,0,0.045110166
381,261,0.113052,0,0.045216672
381,301,0.139347,0,0.045249633
381,329,0.072057,0,0.04516533
381,360,0.07084,0,0.045163784
381,495,0.063732,0,0.045154892
381,72,0.0,0,0.045110166
381,84,0.0,0,0.045110166
382,116,0.0,0,0.045110166
382,122,0.0,0,0.045110166
382,125,0.167162,0,0.045284532
382,153,0.0,0,0.045110166
382,243,0.0,0,0.045110166
382,291,0.0,0,0.045110166
382,297,0.052615,0,0.045140985
382,374,0.0,0,0.045110166
382,379,0.0819,0,0.045177646
382,384,0.0,0,0.045110166
382,40,0.0,0,0.045110166
382,489,0.0,0,0.045110166
382,78,0.0,0,0.045110166
383,173,0.0,0,0.045110166
383,273,0.067395,0,0.045159485
383,301,0.070645,0,0.04516355
383,335,0.0,0,0.045110166
383,388,0.0,0,0.045110166
383,449,0.0,0,0.045110166
383,47,0.071687,0,0.045164853
383,473,0.0,0,0.045110166
383,8,0.078495,0,0.04517338
384,0,0.139587,0,0.045249943
384,107,0.061967,0,0.04515269
384,153,0.0,0,0.045110166
384,256,0.097264,0,0.045196883
384,287,0.059453,0,0.045149546
384,290,0.065744,0,0.04515742
384,380,0.0,0,0.045110166
384,40,0.120724,0,0.045226287
384,473,0.070328,0,0.045163147
385,122,0.060692,0,0.045151103
385,147,0.065982,0,0.04515772
385,22,0.108872,0,0.04521143
385,221,0.056049,0,0.04514528
385,237,0.0,0,0.045110166
385,276,0.088029,0,0.04518532
385,299,0.054283,0,0.045143075
385,305,0.0,0,0.045110166
385,33,0.0,0,0.045110166
385,425,0.0,0,0.045110166
385,452,0.0,0,0.045110166
385,454,0.0,0,0.045110166
385,53,0.0,0,0.045110166
385,71,0.0,0,0.045110166
386,354,0.0,0,0.045110166
387,307,0.0,0,0.045110166
387,390,0.0,0,0.045110166
388,105,0.0,0,0.045110166
388,252,0.074348,0,0.045168187
388,305,0.0,0,0.045110166
388,34,0.065933,0,0.04515766
388,354,0.0,0,0.045110166
388,358,0.0,0,0.045110166
388,386,0.090869,0,0.045188878
388,452,0.07341,0,0.045167014
388,467,0.072983,0,0.04516648
389,157,0.211524,1,0.045340236
389,210,0.0,0,0.045110166
389,221,0.309038,1,0.04546292
389,335,0.0,0,0.045110166
389,353,0.0,0,0.045110166
389,354,0.0,0,0.045110166
389,390,0.0,0,0.045110166
389,473,0.06405,0,0.045155294
389,478,0.0,0,0.045110166
390,221,0.065079,0,0.045156587
390,285,0.0,0,0.045110166
390,287,0.0,0,0.045110166
390,305,0.0,0,0.045110166
390,335,0.0,0,0.045110166
390,348,0.0,0,0.045110166
390,353,0.0,0,0.045110166
390,354,0.0,0,0.045110166
390,389,0.261155,1,0.045402642
390,473,0.153919,0,0.045267917
390,478,0.0,0,0.045110166
390,58,0.0,0,0.045110166
392,191,0.0,0,0.045110166
392,22,0.0,0,0.045110166
392,281,0.084052,0,0.045180343
392,299,0.050943,0,0.0451389
392,320,0.0,0,0.045110166
392,378,0.057839,0,0.045147523
392,452,0.0,0,0.045110166
393,136,0.0,0,0.045110166
393,156,0.063366,0,0.04515445
393,268,0.091758,0,0.04518999
393,273,0.0,0,0.045110166
393,287,0.0,0,0.045110166
393,29,0.0,0,0.045110166
393,317,0.0,0,0.045110166
393,354,0.0,0,0.045110166
393,473,0.1904,0,0.0453137
393,474,0.083138,0,0.04517919
393,5,0.0,0,0.045110166
393,72,0.0,0,0.045110166
394,167,0.057964,0,0.045147676
394,462,0.054227,0,0.045143012
396,302,0.050765,0,0.045138676
396,327,0.062692,0,0.0451536
396,384,0.0,0,0.045110166
40,153,0.0,0,0.045110166
40,287,0.069312,0,0.045161884
40,60,0.057357,0,0.045146927
400,179,0.0,0,0.045110166
400,344,0.179805,0,0.04530041
400,500,0.124818,0,0.045231413
400,508,0.074891,0,0.045168865
401,374,0.05624,0,0.04514552
401,53,0.064298,0,0.0451556
402,108,0.0,0,0.045110166
402,111,0.082637,0,0.045178562
402,172,0.0,0,0.045110166
402,268,0.0,0,0.045110166
402,32,0.0,0,0.045110166
402,320,0.0,0,0.045110166
402,326,0.0,0,0.045110166
402,354,0.077845,0,0.04517257
402,404,0.0,0,0.045110166
402,43,0.0,0,0.045110166
402,483,0.0,0,0.045110166
402,509,0.0,0,0.045110166
404,108,0.0,0,0.045110166
404,111,0.056708,0,0.045146115
404,268,0.0,0,0.045110166
404,290,0.0,0,0.045110166
404,394,0.0,0,0.045110166
404,438,0.0,0,0.045110166
404,465,0.0,0,0.045110166
404,492,0.05407,0,0.045142807
404,509,0.05039,0,0.0451382
404,60,0.05388,0,0.04514257
405,109,0.0,0,0.045110166
405,299,0.0,0,0.045110166
405,380,0.0,0,0.045110166
405,406,0.0,0,0.045110166
405,437,0.097002,0,0.045196556
405,53,0.057743,0,0.0451474
405,90,0.092986,0,0.045191534
406,10,0.0,0,0.045110166
406,109,0.0,0,0.045110166
406,320,0.0,0,0.045110166
406,335,0.0,0,0.045110166
406,45,0.107258,0,0.045209415
406,47,0.0,0,0.045110166
406,484,0.0,0,0.045110166
406,53,0.308679,1,0.045462474
408,250,0.0,0,0.045110166
408,285,0.253695,1,0.04539326
408,390,0.0,0,0.045110166
408,413,0.083668,0,0.04517986
408,430,0.096114,0,0.045195453
409,15,0.156645,0,0.04527133
409,157,0.0,0,0.045110166
409,210,0.0,0,0.045110166
409,322,0.0,0,0.045110166
409,348,0.135989,0,0.04524542
409,353,0.084723,0,0.045181185
409,354,0.0,0,0.045110166
409,389,0.053654,0,0.045142293
409,478,0.0,0,0.045110166
41,289,0.0,0,0.045110166
41,335,0.0,0,0.045110166
41,347,0.053177,0,0.045141686
41,384,0.062807,0,0.045153752
41,418,0.064892,0,0.045156352
411,157,0.114129,0,0.04521802
411,210,0.0,0,0.045110166
411,221,0.073711,0,0.045167398
411,285,0.055363,0,0.04514443
411,389,0.142926,0,0.045254126
411,390,0.0,0,0.045110166
411,408,0.225086,1,0.045357287
411,413,0.073313,0,0.04516689
411,473,0.0,0,0.045110166
413,122,0.0,0,0.045110166
413,153,0.0,0,0.045110166
413,182,0.0,0,0.045110166
413,210,0.0,0,0.045110166
413,5,0.0,0,0.045110166
414,140,0.154069,0,0.045268107
414,15,0.15759,0,0.045272514
414,223,0.0,0,0.045110166
414,286,0.053211,0,0.045141723
414,287,0.0,0,0.045110166
414,29,0.173809,0,0.045292873
414,301,0.143883,0,0.04525532
414,347,0.0,0,0.045110166
414,365,0.056072,0,0.045145314
414,380,0.0,0,0.045110166
414,389,0.079178,0,0.045174234
414,448,0.0,0,0.045110166
414,484,0.0,0,0.045110166
414,95,0.0,0,0.045110166
415,155,0.0,0,0.045110166
415,223,0.129647,0,0.045237478
415,291,0.050638,0,0.04513852
415,369,0.088669,0,0.045186125
415,372,0.126396,0,0.045233402
415,486,0.0,0,0.045110166
416,327,0.07151,0,0.045164637
416,384,0.0,0,0.045110166
416,396,0.061864,0,0.04515256
416,452,0.0,0,0.045110166
416,486,0.0,0,0.045110166
418,384,0.054481,0,0.04514333
418,419,0.05147,0,0.04513956
419,263,0.055298,0,0.04514435
420,157,0.0,0,0.045110166
420,172,0.0,0,0.045110166
420,19,0.0,0,0.045110166
420,221,0.0,0,0.045110166
420,230,0.0,0,0.045110166
420,265,0.0,0,0.045110166
420,32,0.0,0,0.045110166
420,321,0.210317,1,0.04533873
420,354,0.0,0,0.045110166
420,372,0.0,0,0.045110166
420,389,0.066975,0,0.045158964
420,390,0.2123,1,0.045341216
420,405,0.057058,0,0.045146536
420,473,0.0,0,0.045110166
420,53,0.0,0,0.045110166
420,87,0.0,0,0.045110166
420,99,0.0,0,0.045110166
421,250,0.0,0,0.045110166
421,273,0.0,0,0.045110166
421,285,0.0,0,0.045110166
421,308,0.293448,1,0.04544329
421,33,0.0,0,0.045110166
421,353,0.257265,1,0.04539775
421,383,0.0,0,0.045110166
421,72,0.0,0,0.045110166
422,10,0.0,0,0.045110166
422,108,0.0,0,0.045110166
422,146,0.0,0,0.045110166
422,178,0.077545,0,0.0451722
422,180,0.090665,0,0.04518862
422,213,0.100568,0,0.04520103
422,223,0.0,0,0.045110166
422,229,0.0,0,0.045110166
422,287,0.0,0,0.045110166
422,303,0.070929,0,0.0451639
422,478,0.0,0,0.045110166
422,53,0.066746,0,0.045158677
423,184,0.0,0,0.045110166
423,244,0.055826,0,0.045145005
423,78,0.0,0,0.045110166
424,216,0.072932,0,0.045166418
424,237,0.0,0,0.045110166
424,300,0.0,0,0.045110166
424,434,0.0,0,0.045110166
424,491,0.137808,0,0.045247704
424,70,0.091553,0,0.045189735
425,103,0.073242,0,0.04516681
425,164,0.0,0,0.045110166
425,195,0.0,0,0.045110166
425,201,0.0,0,0.045110166
425,209,0.05828,0,0.04514808
425,242,0.072463,0,0.045165833
425,278,0.0,0,0.045110166
425,292,0.0,0,0.045110166
425,316,0.055791,0,0.045144964
425,352,0.055608,0,0.045144726
425,370,0.0,0,0.045110166
425,406,0.0,0,0.045110166
425,81,0.0,0,0.045110166
425,9,0.0,0,0.045110166
429,117,0.054943,0,0.045143895
429,136,0.0,0,0.045110166
429,166,0.088741,0,0.045186214
429,170,0.0,0,0.045110166
429,181,0.063758,0,0.045154944
429,189,0.0,0,0.045110166
429,230,0.0,0,0.045110166
429,298,0.0,0,0.045110166
429,33,0.0,0,0.045110166
429,431,0.062197,0,0.04515298
429,454,0.0,0,0.045110166
429,484,0.0,0,0.045110166
43,111,0.0,0,0.045110166
43,155,0.102741,0,0.045203757
43,230,0.0,0,0.045110166
43,250,0.0,0,0.045110166
43,320,0.120858,0,0.04522645
43,45,0.0,0,0.045110166
43,91,0.234403,1,0.045368996
430,244,0.133022,0,0.045241702
430,353,0.0,0,0.045110166
430,413,0.065576,0,0.04515721
430,459,0.0,0,0.045110166
430,478,0.0,0,0.045110166
431,315,0.146041,0,0.045258038
431,484,0.0,0,0.045110166
434,123,0.0,0,0.045110166
434,170,0.0,0,0.045110166
434,182,0.0,0,0.045110166
434,214,0.0,0,0.045110166
434,71,0.0,0,0.045110166
435,125,0.05153,0,0.04513963
435,184,0.062579,0,0.045153454
435,243,0.076352,0,0.045170706
435,250,0.0,0,0.045110166
435,379,0.057563,0,0.045147184
435,423,0.090067,0,0.04518788
435,78,0.0,0,0.045110166
437,109,0.0,0,0.045110166
437,133,0.245416,1,0.045382846
437,344,0.0,0,0.045110166
437,77,0.0,0,0.045110166
438,347,0.0,0,0.045110166
438,40,0.0,0,0.045110166
438,439,0.05548,0,0.045144573
438,442,0.0,0,0.045110166
439,224,0.0,0,0.045110166
439,243,0.071691,0,0.04516487
439,317,0.0,0,0.045110166
439,442,0.133522,0,0.045242332
44,148,0.13165,0,0.045239992
44,24,0.063706,0,0.045154862
44,245,0.0,0,0.045110166
44,305,0.0,0,0.045110166
44,353,0.0,0,0.045110166
44,474,0.0,0,0.045110166
44,77,0.0,0,0.045110166
441,374,0.0,0,0.045110166
441,439,0.070529,0,0.045163404
442,179,0.071588,0,0.04516473
442,224,0.131498,0,0.0452398
442,295,0.096844,0,0.045196358
442,335,0.0,0,0.045110166
442,480,0.069336,0,0.045161914
443,187,0.0,0,0.045110166
443,330,0.078828,0,0.0451738
443,335,0.0,0,0.045110166
443,386,0.202664,1,0.045329113
443,415,0.0,0,0.045110166
443,450,0.0,0,0.045110166
443,505,0.153141,0,0.04526694
445,313,0.092094,0,0.045190413
445,415,0.104136,0,0.045205496
446,120,0.220642,1,0.04535169
446,140,0.0,0,0.045110166
446,167,0.0,0,0.045110166
446,255,0.0,0,0.045110166
446,29,0.0,0,0.045110166
446,340,0.139702,0,0.045250088
446,363,0.0,0,0.045110166
446,406,0.0,0,0.045110166
446,421,0.0,0,0.045110166
446,431,0.0,0,0.045110166
446,484,0.0,0,0.045110166
448,353,0.057662,0,0.045147296
448,386,0.239952,1,0.045375977
449,153,0.0,0,0.045110166
449,245,0.0,0,0.045110166
449,299,0.0,0,0.045110166
449,33,0.0,0,0.045110166
449,45,0.059347,0,0.0451494
449,91,0.061335,0,0.045151904
45,108,0.0,0,0.045110166
45,109,0.0,0,0.045110166
45,175,0.052433,0,0.045140762
45,229,0.232404,1,0.045366477
45,257,0.0,0,0.045110166
45,280,0.0,0,0.045110166
45,299,0.192096,0,0.045315836
45,484,0.0,0,0.045110166
45,72,0.0,0,0.045110166
450,155,0.0,0,0.045110166
450,24,0.0,0,0.045110166
450,254,0.141539,0,0.04525239
450,308,0.0,0,0.045110166
450,335,0.086356,0,0.045183223
450,338,0.104532,0,0.045206
450,346,0.101144,0,0.04520175
450,421,0.0,0,0.045110166
450,470,0.0,0,0.045110166
450,479,0.0,0,0.045110166
450,87,0.0,0,0.045110166
451,129,0.201163,1,0.045327213
452,299,0.0,0,0.045110166
452,401,0.145686,0,0.045257587
452,419,0.065681,0,0.04515734
452,53,0.071459,0,0.045164578
453,155,0.0,0,0.045110166
453,223,0.0,0,0.045110166
453,259,0.0,0,0.045110166
453,277,0.097305,0,0.045196947
453,279,0.0,0,0.045110166
453,309,0.0,0,0.045110166
453,34,0.0,0,0.045110166
453,463,0.0,0,0.045110166
453,497,0.0,0,0.045110166
454,120,0.0,0,0.045110166
454,363,0.0,0,0.045110166
454,419,0.0,0,0.045110166
454,463,0.102294,0,0.04520319
454,5,0.0,0,0.045110166
455,216,0.0,0,0.045110166
455,253,0.068758,0,0.045161195
455,448,0.0,0,0.045110166
455,468,0.0,0,0.045110166
455,486,0.0,0,0.045110166
455,84,0.0,0,0.045110166
456,122,0.0,0,0.045110166
456,174,0.055357,0,0.04514442
456,216,0.0,0,0.045110166
456,22,0.051098,0,0.045139097
456,250,0.0,0,0.045110166
456,276,0.0,0,0.045110166
456,281,0.0,0,0.045110166
456,285,0.0,0,0.045110166
456,305,0.0,0,0.045110166
456,306,0.0,0,0.045110166
456,326,0.0,0,0.045110166
456,329,0.0,0,0.045110166
456,344,0.060559,0,0.045150936
456,346,0.097756,0,0.04519751
456,389,0.0,0,0.045110166
456,390,0.0,0,0.045110166
456,408,0.0,0,0.045110166
456,411,0.0,0,0.045110166
456,413,0.0,0,0.045110166
456,454,0.0,0,0.045110166
456,508,0.0,0,0.045110166
459,121,0.0,0,0.045110166
459,143,0.0,0,0.045110166
459,245,0.0,0,0.045110166
459,449,0.148257,0,0.04526081
459,45,0.113479,0,0.04521721
459,91,0.08208,0,0.045177873
461,108,0.0,0,0.045110166
461,123,0.0,0,0.045110166
461,180,0.218588,1,0.045349114
461,252,0.0,0,0.045110166
461,464,0.05791,0,0.045147605
461,478,0.0,0,0.045110166
463,163,0.050176,0,0.04513794
463,234,0.0,0,0.045110166
463,279,0.0,0,0.045110166
463,309,0.114273,0,0.045218207
463,386,0.0,0,0.045110166
463,497,0.0,0,0.045110166
463,87,0.0,0,0.045110166
464,108,0.110538,0,0.045213513
464,146,0.0,0,0.045110166
464,229,0.0,0,0.045110166
464,53,0.0,0,0.045110166
465,0,0.052192,0,0.04514046
465,116,0.0,0,0.045110166
465,148,0.056385,0,0.045145705
465,390,0.0,0,0.045110166
465,483,0.110945,0,0.04521403
467,144,0.187247,0,0.04530974
467,291,0.0,0,0.045110166
467,374,0.0,0,0.045110166
467,438,0.102931,0,0.045203995
467,439,0.054903,0,0.045143854
467,441,0.125743,0,0.04523258
467,78,0.0,0,0.045110166
468,117,0.05315,0,0.045141667
468,253,0.098895,0,0.045198932
468,32,0.065263,0,0.045156814
468,347,0.05055,0,0.045138407
468,386,0.113947,0,0.045217797
468,448,0.13452,0,0.045243584
468,455,0.0,0,0.045110166
468,473,0.0,0,0.045110166
468,96,0.062436,0,0.04515328
47,245,0.0,0,0.045110166
47,305,0.0,0,0.045110166
47,335,0.065965,0,0.0451577
47,353,0.0,0,0.045110166
47,380,0.0,0,0.045110166
47,44,0.056564,0,0.04514593
47,459,0.052192,0,0.04514046
47,483,0.054181,0,0.04514295
47,84,0.0,0,0.045110166
470,194,0.05878,0,0.045148708
470,214,0.10977,0,0.045212567
470,24,0.071591,0,0.04516474
470,254,0.064412,0,0.045155745
470,335,0.0,0,0.045110166
470,415,0.06758,0,0.045159716
470,421,0.095345,0,0.045194488
470,424,0.051939,0,0.045140143
470,442,0.0,0,0.045110166
470,474,0.0,0,0.045110166
470,481,0.0,0,0.045110166
470,486,0.0,0,0.045110166
470,491,0.0,0,0.045110166
471,10,0.0,0,0.045110166
471,108,0.0,0,0.045110166
471,136,0.0,0,0.045110166
471,146,0.0,0,0.045110166
471,178,0.154016,0,0.045268033
471,183,0.289949,1,0.045438882
471,213,0.089115,0,0.045186676
471,287,0.0,0,0.045110166
471,303,0.0,0,0.045110166
471,335,0.0,0,0.045110166
471,422,0.110558,0,0.045213547
471,7,0.102057,0,0.045202892
472,312,0.162202,0,0.045278303
473,127,0.394775,1,0.04557105
473,156,0.315411,1,0.04547096
473,210,0.243225,1,0.04538009
473,280,0.0,0,0.045110166
473,285,0.0,0,0.045110166
473,335,0.0,0,0.045110166
473,354,0.0,0,0.045110166
473,471,0.0,0,0.045110166
473,478,0.0,0,0.045110166
473,5,0.0,0,0.045110166
474,10,0.0,0,0.045110166
474,137,0.0,0,0.045110166
474,145,0.0,0,0.045110166
474,187,0.0,0,0.045110166
474,22,0.0,0,0.045110166
474,442,0.054147,0,0.0451429
474,478,0.0,0,0.045110166
474,486,0.0,0,0.045110166
474,72,0.0,0,0.045110166
476,348,0.145017,0,0.04525675
477,111,0.0,0,0.045110166
477,121,0.0,0,0.045110166
477,161,0.0,0,0.045110166
477,191,0.064297,0,0.0451556
477,193,0.066449,0,0.045158297
477,22,0.053233,0,0.045141757
477,259,0.0,0,0.045110166
477,285,0.05223,0,0.045140512
477,292,0.0,0,0.045110166
477,320,0.06568,0,0.04515734
477,345,0.0,0,0.045110166
477,349,0.052677,0,0.045141067
477,362,0.073616,0,0.04516727
478,146,0.0,0,0.045110166
479,305,0.0,0,0.045110166
479,354,0.0,0,0.045110166
479,390,0.153666,0,0.045267597
479,462,0.0,0,0.045110166
479,473,0.0,0,0.045110166
480,136,0.0,0,0.045110166
480,170,0.170167,0,0.045288306
480,182,0.058142,0,0.045147903
480,200,0.0,0,0.045110166
480,249,0.0,0,0.045110166
480,290,0.0,0,0.045110166
480,313,0.140304,0,0.04525083
480,335,0.0,0,0.045110166
480,71,0.0,0,0.045110166
481,103,0.0,0,0.045110166
481,164,0.111811,0,0.04521512
481,18,0.063812,0,0.045155007
481,195,0.0,0,0.045110166
481,201,0.0,0,0.045110166
481,209,0.181539,0,0.045302585
481,235,0.0,0,0.045110166
481,278,0.139411,0,0.045249715
481,316,0.0,0,0.045110166
481,352,0.0,0,0.045110166
481,370,0.0,0,0.045110166
481,406,0.0,0,0.045110166
481,425,0.069427,0,0.045162026
481,81,0.0,0,0.045110166
481,9,0.057683,0,0.045147337
483,111,0.0,0,0.045110166
483,155,0.0,0,0.045110166
483,230,0.0,0,0.045110166
483,250,0.0,0,0.045110166
483,320,0.127564,0,0.045234863
483,321,0.0,0,0.045110166
483,43,0.282031,1,0.045428913
483,45,0.0,0,0.045110166
484,167,0.0,0,0.045110166
484,241,0.0,0,0.045110166
484,254,0.0,0,0.045110166
484,326,0.252955,1,0.045392327
484,383,0.0,0,0.045110166
484,414,0.0,0,0.045110166
484,448,0.0,0,0.045110166
484,455,0.182771,0,0.04530412
484,468,0.158936,0,0.0452742
484,473,0.0,0,0.045110166
484,71,0.097302,0,0.04519693
485,117,0.0,0,0.045110166
485,180,0.0,0,0.045110166
485,197,0.245906,1,0.045383453
485,216,0.0,0,0.045110166
485,353,0.0,0,0.045110166
486,195,0.0,0,0.045110166
486,438,0.081874,0,0.045177616
486,72,0.083296,0,0.045179397
486,81,0.0,0,0.045110166
489,265,0.080728,0,0.045176174
489,413,0.06098,0,0.045151446
491,109,0.0,0,0.045110166
491,121,0.0,0,0.045110166
491,153,0.0,0,0.045110166
491,216,0.10488,0,0.04520643
491,257,0.0,0,0.045110166
491,265,0.0,0,0.045110166
491,71,0.0,0,0.045110166
492,116,0.0,0,0.045110166
492,326,0.0,0,0.045110166
492,379,0.052482,0,0.04514082
492,465,0.0,0,0.045110166
494,413,0.166244,0,0.045283377
495,108,0.0,0,0.045110166
495,117,0.065021,0,0.04515652
495,169,0.177453,0,0.04529745
495,171,0.092094,0,0.045190413
495,195,0.199148,0,0.045324698
495,229,0.058634,0,0.04514852
495,365,0.056043,0,0.045145273
495,486,0.099967,0,0.045200277
495,72,0.0,0,0.045110166
495,84,0.132602,0,0.045241177
496,137,0.0,0,0.045110166
496,174,0.0,0,0.045110166
496,254,0.16139,0,0.045277286
496,299,0.0,0,0.045110166
496,320,0.073365,0,0.045166966
496,329,0.0,0,0.045110166
496,335,0.0,0,0.045110166
496,346,0.06885,0,0.045161307
496,454,0.0,0,0.045110166
496,456,0.067221,0,0.045159273
496,500,0.139161,0,0.045249406
496,504,0.112689,0,0.04521622
496,508,0.0,0,0.045110166
499,105,0.0,0,0.045110166
499,197,0.0,0,0.045110166
499,243,0.141481,0,0.04525231
499,244,0.0,0,0.045110166
499,249,0.0,0,0.045110166
499,327,0.160289,0,0.045275915
499,438,0.183745,0,0.04530535
499,439,0.0,0,0.045110166
499,442,0.0,0,0.045110166
499,467,0.142419,0,0.045253485
499,485,0.052182,0,0.04514044
5,10,0.0,0,0.045110166
5,127,0.053277,0,0.04514182
5,136,0.097146,0,0.045196738
5,170,0.067406,0,0.045159496
5,287,0.0,0,0.045110166
5,320,0.0,0,0.045110166
5,335,0.0,0,0.045110166
5,354,0.0,0,0.045110166
5,434,0.091993,0,0.04519028
5,471,0.213687,1,0.04534296
5,7,0.228338,1,0.045361374
50,275,0.0,0,0.045110166
50,291,0.0,0,0.045110166
50,369,0.0,0,0.045110166
50,86,0.05234,0,0.045140646
500,174,0.109376,0,0.04521207
500,179,0.0,0,0.045110166
500,216,0.0,0,0.045110166
500,248,0.067918,0,0.04516015
500,320,0.069102,0,0.045161627
500,329,0.0,0,0.045110166
500,344,0.055363,0,0.04514443
500,346,0.071293,0,0.04516436
500,36,0.0,0,0.045110166
500,390,0.0,0,0.045110166
500,408,0.0,0,0.045110166
500,424,0.0,0,0.045110166
500,456,0.0,0,0.045110166
500,504,0.098415,0,0.045198325
500,508,0.149305,0,0.045262124
502,107,0.053433,0,0.045142014
502,261,0.052349,0,0.045140658
502,285,0.12238,0,0.045228355
502,298,0.090443,0,0.045188345
502,413,0.059623,0,0.04514975
502,97,0.0,0,0.045110166
503,123,0.056451,0,0.045145787
503,180,0.08185,0,0.045177586
503,229,0.059904,0,0.045150112
503,359,0.063643,0,0.04515478
503,461,0.140281,0,0.045250803
503,495,0.05145,0,0.04513953
504,22,0.0,0,0.045110166
504,273,0.0,0,0.045110166
504,276,0.0,0,0.045110166
504,320,0.086621,0,0.04518356
504,329,0.0,0,0.045110166
504,332,0.0,0,0.045110166
504,344,0.057936,0,0.045147646
504,346,0.091386,0,0.045189515
504,390,0.0,0,0.045110166
504,401,0.0,0,0.045110166
504,408,0.0,0,0.045110166
504,411,0.0,0,0.045110166
504,456,0.077826,0,0.045172546
504,474,0.0,0,0.045110166
504,508,0.0,0,0.045110166
505,143,0.0,0,0.045110166
505,169,0.0,0,0.045110166
505,24,0.0,0,0.045110166
505,254,0.063491,0,0.045154594
505,330,0.127214,0,0.04523442
505,335,0.057032,0,0.045146517
505,338,0.0,0,0.045110166
505,346,0.072589,0,0.045165986
505,415,0.0,0,0.045110166
505,450,0.0929,0,0.045191422
505,470,0.061392,0,0.04515197
508,136,0.0,0,0.045110166
508,174,0.13071,0,0.0452388
508,179,0.054168,0,0.045142937
508,22,0.0,0,0.045110166
508,248,0.085166,0,0.04518174
508,313,0.0,0,0.045110166
508,36,0.0,0,0.045110166
508,390,0.0,0,0.045110166
508,424,0.0,0,0.045110166
508,434,0.0,0,0.045110166
508,480,0.0,0,0.045110166
508,5,0.0,0,0.045110166
508,71,0.0,0,0.045110166
509,116,0.0,0,0.045110166
509,148,0.0,0,0.045110166
509,153,0.073553,0,0.04516719
509,290,0.172976,0,0.04529183
509,326,0.0,0,0.045110166
509,33,0.090135,0,0.045187954
509,465,0.122814,0,0.045228902
509,483,0.073276,0,0.04516685
509,492,0.097681,0,0.045197416
510,198,0.059351,0,0.045149416
510,201,0.058537,0,0.045148395
510,268,0.0,0,0.045110166
510,374,0.055459,0,0.045144543
52,124,0.103967,0,0.04520528
52,248,0.183103,0,0.045304544
52,316,0.0,0,0.045110166
52,320,0.050847,0,0.04513877
52,72,0.087922,0,0.045185186
53,108,0.0,0,0.045110166
53,146,0.0,0,0.045110166
53,229,0.0,0,0.045110166
53,257,0.0,0,0.045110166
53,299,0.0,0,0.045110166
53,374,0.0,0,0.045110166
53,45,0.223762,1,0.045355614
53,47,0.0,0,0.045110166
53,484,0.0,0,0.045110166
55,115,0.050919,0,0.04513887
55,146,0.054563,0,0.045143433
55,280,0.0,0,0.045110166
55,317,0.061618,0,0.045152254
55,435,0.050329,0,0.045138128
55,438,0.0,0,0.045110166
55,491,0.0,0,0.045110166
56,112,0.085744,0,0.04518246
56,121,0.0,0,0.045110166
56,145,0.082525,0,0.04517843
56,26,0.0,0,0.045110166
56,371,0.155994,0,0.045270525
58,101,0.0,0,0.045110166
58,117,0.054891,0,0.04514383
58,147,0.0,0,0.045110166
58,173,0.0,0,0.045110166
58,175,0.05387,0,0.04514256
58,234,0.083522,0,0.045179673
58,266,0.0,0,0.045110166
58,276,0.081161,0,0.045176722
58,292,0.057288,0,0.045146834
58,434,0.0,0,0.045110166
58,452,0.0,0,0.045110166
58,71,0.0,0,0.045110166
60,105,0.0,0,0.045110166
60,116,0.0,0,0.045110166
60,121,0.0,0,0.045110166
60,207,0.273396,1,0.04541805
60,243,0.0,0,0.045110166
60,260,0.0,0,0.045110166
60,305,0.0,0,0.045110166
60,354,0.0,0,0.045110166
60,358,0.0,0,0.045110166
60,374,0.0,0,0.045110166
60,379,0.059251,0,0.04514929
60,382,0.062381,0,0.045153204
60,78,0.061695,0,0.045152355
62,236,0.056157,0,0.045145426
62,368,0.064636,0,0.04515603
65,452,0.0,0,0.045110166
65,473,0.0,0,0.045110166
65,5,0.054002,0,0.045142736
7,146,0.0,0,0.045110166
7,183,0.085132,0,0.045181688
7,243,0.073915,0,0.04516765
7,320,0.0,0,0.045110166
7,335,0.0,0,0.045110166
7,354,0.0,0,0.045110166
7,471,0.063965,0,0.045155194
71,141,0.380951,1,0.045553613
71,173,0.107576,0,0.045209806
71,230,0.0,0,0.045110166
71,233,0.0,0,0.045110166
71,241,0.0,0,0.045110166
71,265,0.0,0,0.045110166
71,380,0.0,0,0.045110166
71,473,0.0,0,0.045110166
71,58,0.0,0,0.045110166
72,120,0.22002,1,0.045350917
72,136,0.0,0,0.045110166
72,320,0.093454,0,0.04519212
72,363,0.0,0,0.045110166
72,406,0.0,0,0.045110166
72,484,0.0,0,0.045110166
72,70,0.0843,0,0.04518065
74,109,0.072701,0,0.04516613
74,77,0.142042,0,0.045253012
75,12,0.0,0,0.045110166
75,281,0.065143,0,0.04515667
75,305,0.0,0,0.045110166
75,320,0.0,0,0.045110166
75,392,0.092502,0,0.045190927
75,65,0.058664,0,0.04514855
77,109,0.234051,1,0.045368552
77,344,0.0,0,0.045110166
77,353,0.0,0,0.045110166
78,121,0.0,0,0.045110166
78,122,0.06665,0,0.045158554
78,291,0.0,0,0.045110166
78,358,0.0,0,0.045110166
78,36,0.0,0,0.045110166
78,374,0.0,0,0.045110166
78,379,0.059762,0,0.045149937
78,435,0.065982,0,0.04515772
78,467,0.0,0,0.045110166
79,145,0.078236,0,0.045173064
79,180,0.064096,0,0.045155358
79,187,0.0,0,0.045110166
79,216,0.061949,0,0.04515267
79,223,0.068406,0,0.045160744
79,303,0.057645,0,0.04514729
79,328,0.0,0,0.045110166
79,369,0.071578,0,0.045164723
79,95,0.057922,0,0.045147624
8,108,0.0,0,0.045110166
8,111,0.0,0,0.045110166
8,32,0.0,0,0.045110166
8,320,0.057459,0,0.04514705
8,335,0.074905,0,0.045168888
8,402,0.07068,0,0.0451636
8,449,0.0,0,0.045110166
8,47,0.077357,0,0.04517195
8,483,0.099107,0,0.045199197
81,192,0.0,0,0.045110166
81,198,0.055852,0,0.045145035
81,201,0.055919,0,0.045145117
81,31,0.0,0,0.045110166
81,316,0.0,0,0.045110166
81,345,0.0,0,0.045110166
81,374,0.051551,0,0.045139648
81,406,0.0,0,0.045110166
81,510,0.086443,0,0.045183334
83,0,0.0,0,0.045110166
83,153,0.0,0,0.045110166
83,155,0.0,0,0.045110166
83,208,0.188477,0,0.04531129
83,248,0.093677,0,0.045192398
83,449,0.051824,0,0.04514
83,459,0.074368,0,0.045168206
83,474,0.051004,0,0.045138974
83,53,0.0,0,0.045110166
84,108,0.0,0,0.045110166
84,195,0.0,0,0.045110166
84,353,0.051055,0,0.045139037
84,438,0.0,0,0.045110166
84,448,0.16865,0,0.04528641
84,486,0.0,0,0.045110166
84,72,0.0,0,0.045110166
86,238,0.0,0,0.045110166
86,275,0.0,0,0.045110166
86,291,0.0,0,0.045110166
87,19,0.0,0,0.045110166
87,234,0.14455,0,0.045256164
87,305,0.0,0,0.045110166
87,34,0.051425,0,0.045139506
87,354,0.0,0,0.045110166
87,358,0.0,0,0.045110166
87,372,0.223955,1,0.04535586
87,386,0.0,0,0.045110166
87,45,0.0,0,0.045110166
87,47,0.0,0,0.045110166
87,60,0.093944,0,0.045192726
88,229,0.0,0,0.045110166
88,317,0.0,0,0.045110166
88,375,0.05485,0,0.04514378
88,438,0.0,0,0.045110166
88,55,0.0,0,0.045110166
89,10,0.20914,1,0.045337245
89,105,0.074472,0,0.04516834
89,109,0.0,0,0.045110166
89,260,0.0,0,0.045110166
89,281,0.148715,0,0.045261387
89,320,0.0,0,0.045110166
89,392,0.096984,0,0.045196533
89,5,0.0,0,0.045110166
89,65,0.0,0,0.045110166
89,75,0.166421,0,0.045283604
89,97,0.0,0,0.045110166
9,116,0.0,0,0.045110166
9,195,0.0,0,0.045110166
9,201,0.0,0,0.045110166
9,235,0.0,0,0.045110166
9,268,0.0,0,0.045110166
9,316,0.0,0,0.045110166
9,370,0.155803,0,0.04527028
9,406,0.0,0,0.045110166
9,510,0.0,0,0.045110166
90,109,0.0,0,0.045110166
90,265,0.0,0,0.045110166
90,335,0.0,0,0.045110166
90,358,0.0,0,0.045110166
90,405,0.134336,0,0.04524335
90,406,0.091539,0,0.045189723
90,437,0.070576,0,0.045163468
90,45,0.0,0,0.045110166
90,53,0.0,0,0.045110166
91,111,0.0,0,0.045110166
91,155,0.137721,0,0.045247603
91,250,0.0,0,0.045110166
91,305,0.0,0,0.045110166
91,45,0.0,0,0.045110166
91,479,0.098578,0,0.04519853
95,108,0.084835,0,0.04518133
95,216,0.0,0,0.045110166
95,223,0.067433,0,0.04515954
95,303,0.072811,0,0.045166276
95,353,0.0,0,0.045110166
95,390,0.097188,0,0.0451968
95,41,0.0,0,0.045110166
95,431,0.051216,0,0.045139242
96,202,0.105509,0,0.045207214
96,216,0.075009,0,0.04516902
96,32,0.094498,0,0.045193415
96,347,0.088195,0,0.045185525
96,386,0.0,0,0.045110166
97,105,0.0,0,0.045110166
97,114,0.224134,1,0.04535609
97,121,0.0,0,0.045110166
97,153,0.0,0,0.045110166
97,216,0.0,0,0.045110166
97,229,0.0,0,0.045110166
97,260,0.112665,0,0.045216188
97,265,0.0,0,0.045110166
97,354,0.0,0,0.045110166
97,388,0.0,0,0.045110166
97,491,0.0,0,0.045110166
97,71,0.0,0,0.045110166
99,167,0.0,0,0.045110166
99,230,0.0,0,0.045110166
99,234,0.0,0,0.045110166
99,305,0.0,0,0.045110166
99,354,0.0,0,0.045110166
99,372,0.072412,0,0.045165762
99,45,0.0,0,0.045110166
99,47,0.0,0,0.045110166
99,60,0.066895,0,0.04515886
99,87,0.209841,1,0.045338128
